time,.header.seq,.header.stamp.secs,.header.stamp.nsecs,.header.frame_id,.pose.position.x,.pose.position.y,.pose.position.z,.pose.orientation.x,.pose.orientation.y,.pose.orientation.z,.pose.orientation.w,.twist.linear.x,.twist.linear.y,.twist.linear.z,.twist.angular.x,.twist.angular.y,.twist.angular.z,.wrench.force.x,.wrench.force.y,.wrench.force.z,.wrench.torque.x,.wrench.torque.y,.wrench.torque.z
2017/07/11/15:56:18.696918,2997564,1499759782,645397134,,0.782626948161,0.399968210364,0.166281587923,0.622438188405,0.779977929975,0.0567190336775,0.0314337650734,0.0030632571752,0.0188440644573,0.00118730248099,0.0197873011179,-0.00789078193625,0.0201647005484,6.27198028564,1.32712256908,-0.86246073246,-0.850548565388,2.36122536659,0.160056173801
2017/07/11/15:56:18.706911,2997565,1499759782,655395797,,0.783000418156,0.399796430488,0.166852439557,0.622610046035,0.779808512287,0.0569627684231,0.0317908438845,-0.00535645359007,-0.0137043382848,-0.00799077082054,-0.0256634961135,0.017925219189,-0.0114728872255,5.96531152725,1.05398762226,-0.898421168327,-0.744673907757,2.264523983,0.187179923058
2017/07/11/15:56:18.717277,2997566,1499759782,665397318,,0.782770075263,0.397994310047,0.16626431404,0.623197591784,0.779416654553,0.0558938945696,0.0317854172479,0.00387743518138,-0.0262053613914,-0.00784553294332,-0.0177334686357,0.00721497546949,-0.0357906151129,5.93879795074,1.15481328964,-0.768916845322,-0.754311263561,2.27134132385,0.192344844341
2017/07/11/15:56:18.727159,2997567,1499759782,675396061,,0.782542881751,0.399382205145,0.166015236471,0.622513769311,0.779949939094,0.0562422012353,0.0314883204664,-0.00368530359722,-0.00615263135847,-0.00720312274939,0.0164696397778,0.0171887137317,-0.0243631560471,6.03049039841,1.13519203663,-0.740004479885,-0.771969437599,2.29428243637,0.180912300944
2017/07/11/15:56:18.737254,2997568,1499759782,685430018,,0.782926922994,0.399275329501,0.166324417178,0.622753527923,0.779726565598,0.0566356744983,0.0315741466276,-0.00197195274686,-0.0167023229797,-0.008776565491,-0.00252284496639,0.0152939898458,-0.0251365462528,5.87004804611,1.21999585629,-0.688046216965,-0.761298954487,2.23705673218,0.223798468709
2017/07/11/15:56:18.746942,2997569,1499759782,695403765,,0.782980629986,0.399000127104,0.166325289666,0.623052467177,0.779487668053,0.0566360356109,0.0315746412091,0.00402128104475,-0.00441404563243,-0.00685974908749,-0.00299584261176,-0.00368166250002,-0.011365000468,5.03286409378,0.824614048004,-0.316525697708,-0.633999168873,1.91855835915,0.179534822702
2017/07/11/15:56:18.757036,2997570,1499759782,705423268,,0.782000843415,0.399462317226,0.165353950827,0.622717467857,0.779845572476,0.0558165428133,0.0307953220968,0.000145076820987,-0.0136622485858,-0.00257410130654,0.0092284381214,0.00491992482539,-0.0307443147286,3.28136205673,0.575228989124,0.4201618433,-0.477099597454,1.31065714359,0.206361353397
2017/07/11/15:56:18.767164,2997571,1499759782,715396637,,0.782983162075,0.39903162085,0.166340820465,0.623161636957,0.779381271962,0.0568606790269,0.0316428557483,-0.00286061580243,0.012961302822,0.00260524515333,0.0121626105839,-0.00411382474043,0.00658445430319,3.47521305084,0.653864383698,0.950375378132,-0.54218429327,1.44025313854,0.197439223528
2017/07/11/15:56:18.777123,2997572,1499759782,725400334,,0.782756871794,0.398871597438,0.166039713428,0.623197202491,0.779385784967,0.0565911748065,0.0313126800633,0.00321348774518,-0.00356344559128,0.00381330641186,-0.00223709489958,-0.0221680842684,-0.0102059548025,3.97678923607,0.878977298737,0.88959556818,-0.728249251842,1.60551524162,0.130903050303
2017/07/11/15:56:18.786946,2997573,1499759782,735401171,,0.78205035759,0.398757265682,0.165446272332,0.622936538555,0.779672683117,0.0556670502183,0.031012185576,-0.00895830497667,-0.00419614149757,-0.00567966939221,0.00863813382202,0.0160134892929,-0.00650560400825,4.98137426376,1.24365830421,0.810062348843,-0.876544237137,1.95271217823,0.143544495106
2017/07/11/15:56:18.796897,2997574,1499759782,745396609,,0.782416263585,0.398843871854,0.165729277937,0.622911193991,0.779647404093,0.0560975491389,0.0313788889574,-0.0122666975992,-0.0215274270153,-0.016425467089,-0.0170263771834,0.0303498447716,-0.00736680179062,5.47229194641,1.19547307491,0.877320051193,-0.789762914181,2.15326976776,0.206958532333
2017/07/11/15:56:18.807038,2997575,1499759782,755397593,,0.782323040334,0.39877016468,0.165844640226,0.622947160679,0.779634789486,0.0559277622718,0.0312812313198,-0.00225158563529,-0.0149382072267,-0.00470633216971,-0.0226570451892,0.00879731121744,-0.00847536452085,5.22722864151,1.3702095747,0.907070159912,-0.928668379784,2.04669427872,0.167299836874
2017/07/11/15:56:18.816960,2997576,1499759782,765403840,,0.782612391672,0.399104537744,0.166169546523,0.623192920975,0.779386452823,0.0566516534036,0.031271881452,-0.00145379321988,-0.0080113562954,-0.00253159560435,-0.00266260653498,0.0068211253893,-0.0210392621223,5.32975482941,1.38956665993,0.876984477043,-0.89958691597,2.06390237808,0.181702703238
2017/07/11/15:56:18.827173,2997577,1499759782,775404442,,0.782551910368,0.397029625375,0.165824649314,0.623825229803,0.778945447602,0.0554998963273,0.0317148834019,-0.00507106289139,-0.0143782414916,-0.015908271803,-0.00999665385793,0.0233396520222,-0.03268664904,5.48024225235,1.13475966454,1.03957927227,-0.756809592247,2.15819549561,0.245267242193
2017/07/11/15:56:18.837017,2997578,1499759782,785401276,,0.782064532254,0.397544116649,0.165221450063,0.624097282835,0.778765297883,0.0554332352227,0.0308925363786,-0.00281715754568,-0.0416653284214,-0.0156340610847,-0.0265211637296,0.0319002306106,-0.0573194036697,5.30680179596,1.34157979488,1.12955284119,-0.86030292511,2.1142308712,0.235538423061
2017/07/11/15:56:18.847038,2997579,1499759782,795402955,,0.782540695081,0.397641504396,0.16535190282,0.623893144399,0.778876585703,0.0558918260411,0.0313801274362,0.0017527653461,-0.0204654598013,-0.00391499844751,-0.0177883455762,1.17586731325e-07,-0.0161934115918,5.24167537689,1.46350765228,1.23161673546,-0.894844532013,2.09458851814,0.22622320056
2017/07/11/15:56:18.857248,2997580,1499759782,805403182,,0.781995395248,0.398249331559,0.16526789796,0.623200489297,0.779463991116,0.0554552721339,0.0313328818703,0.00661729482306,-0.0242930527684,-0.00480612751961,-0.0363773733904,-0.0104315319558,-0.0214797543236,4.88954782486,1.19320476055,1.27759695053,-0.7648229599,1.94507145882,0.260062634945
2017/07/11/15:56:18.866983,2997581,1499759782,815404242,,0.782570875922,0.396230227543,0.165234762737,0.624260051893,0.778624982025,0.0549864058632,0.0319220949685,0.010489346154,-0.0189627575453,0.00367459823311,-0.0290364520657,-0.0239070106408,-0.0261093674307,5.1384768486,1.30909872055,1.36952650547,-0.783621668816,2.04281640053,0.280287027359
2017/07/11/15:56:18.876990,2997582,1499759782,825396545,,0.782605123024,0.396235672356,0.165231906135,0.624017861125,0.778820742147,0.0547917995239,0.0322152029782,0.00859491716549,-0.0576478747383,-0.00990613637711,-0.0497142612852,-0.00341376649288,-0.0613807146509,4.87585830688,1.18030977249,1.37335824966,-0.742336392403,1.95062124729,0.260307610035
2017/07/11/15:56:18.887142,2997583,1499759782,835396503,,0.782948749787,0.395042123418,0.165103884109,0.625020173067,0.778019812706,0.0546377924719,0.0323985482777,0.0140390378726,-0.0570856155117,-0.00452064202638,-0.0715794521333,-0.0191823727495,-0.0649056626748,4.84216308594,0.981961369514,1.4529658556,-0.665639519691,1.9424983263,0.267098844051
2017/07/11/15:56:18.897107,2997584,1499759782,845396699,,0.783556090584,0.394987440912,0.165578007313,0.625297854401,0.777732630014,0.0552172016363,0.0329485983862,0.018728167746,-0.0705614832634,-0.00481625028773,-0.0681775406607,-0.0190794140338,-0.113963832494,5.06366205215,1.11089849472,1.5083745718,-0.749927103519,2.03824305534,0.254308074713
2017/07/11/15:56:18.906869,2997585,1499759782,855395526,,0.783458513188,0.393865346912,0.165270194332,0.626110846289,0.777111301238,0.0545377845718,0.0332996051295,0.0190715151598,-0.0720751317614,-0.00901780234453,-0.0660980295623,-0.0118531204253,-0.163567471263,4.57517385483,1.06820368767,1.61400389671,-0.704003453255,1.87082970142,0.255909800529
2017/07/11/15:56:18.917140,2997586,1499759782,865401403,,0.78303290342,0.394327406141,0.164923623451,0.625830774284,0.77737731916,0.0539349149083,0.0333372249773,0.00514090231551,-0.055056121647,-0.0112206995807,-0.0972552134531,-0.00484327048216,-0.112599603336,4.52071523666,0.990092754364,1.72140669823,-0.621800661087,1.86511170864,0.270185798407
2017/07/11/15:56:18.927012,2997587,1499759782,875400712,,0.783583348001,0.392751814611,0.165212809144,0.627093916584,0.77633891761,0.0539172690456,0.0338235552083,0.00973155361103,-0.0681307597434,-0.0149935006534,-0.0941895013693,-0.00478061552674,-0.132952733806,4.58623361588,0.967977881432,1.86601221561,-0.480629563332,1.93359982967,0.289998918772
2017/07/11/15:56:18.937299,2997588,1499759782,885401670,,0.783206648982,0.391864643189,0.164642124295,0.627327606765,0.776211511248,0.0529542508288,0.0339353932659,0.0115781722546,-0.0907775985481,-0.00688495268707,-0.0776422603458,-0.000218096661048,-0.166464916734,4.2791056633,0.794053196907,1.97936844826,-0.389752149582,1.83275020123,0.259031563997
2017/07/11/15:56:18.947168,2997589,1499759782,895403157,,0.783394581977,0.392085938766,0.164530541047,0.628114621336,0.775561608499,0.0531974545237,0.0338562360367,0.0138923319929,-0.0763040611732,-0.0110499527719,-0.0560525607141,-0.00128902824929,-0.173125261047,4.27906847,0.906789422035,2.01892590523,-0.381316184998,1.86233389378,0.255703836679
2017/07/11/15:56:18.957159,2997590,1499759782,905401416,,0.783500366955,0.390804664633,0.164515160021,0.6295613553,0.774403229928,0.0529520994686,0.0338852851971,0.0176136277536,-0.0704075845959,-0.0166206454583,-0.00933124384178,0.00482756642397,-0.266418190912,4.22937726974,0.974825024605,2.05380892754,-0.351723641157,1.86722099781,0.241262957454
2017/07/11/15:56:18.966986,2997591,1499759782,915400230,,0.783684004067,0.390130397024,0.164725472448,0.630754494446,0.773420230756,0.0530905960855,0.0339308561697,0.0152135765879,-0.0563374799132,0.00112181436912,0.0416753080391,0.0016009031555,-0.326300765445,3.6237308979,0.999661266804,2.19168901443,-0.321336746216,1.6261973381,0.254289001226
2017/07/11/15:56:18.976952,2997592,1499759782,925396573,,0.783590205737,0.389425867178,0.164425084407,0.632178964671,0.772289655626,0.0526717212004,0.0338250532321,0.00843073308939,-0.0573260493125,-0.00520742421896,0.0140428136442,0.0131791362366,-0.327808694802,3.70200109482,1.10927593708,2.22232556343,-0.495893329382,1.65024745464,0.142332315445
2017/07/11/15:56:18.986848,2997593,1499759782,935401018,,0.784237656506,0.389369108885,0.164749166455,0.633348989049,0.771258146185,0.0536953464673,0.0338635465086,0.00861814495439,-0.0709324684094,-0.00521985772747,0.0237774125095,0.0232651841567,-0.362323350317,3.88201665878,1.25822854042,2.37649083138,-0.528965115547,1.74654889107,0.135425582528
2017/07/11/15:56:18.996964,2997594,1499759782,945396965,,0.783777737149,0.388347795288,0.163934696517,0.63482045911,0.77012318321,0.0527593838903,0.0336112300955,0.0122406654332,-0.0701799979846,-0.00941856126889,0.0305900044572,0.0192556344942,-0.378854591945,3.81697368622,1.19263744354,2.46775460243,-0.504077196121,1.74400532246,0.123345337808
2017/07/11/15:56:19.007091,2997595,1499759782,955404537,,0.784788705074,0.386976757861,0.164549287158,0.63644928061,0.768710852551,0.0533161404402,0.0342538691198,0.0117101065658,-0.0832381470493,-0.0127129187419,0.0308258717969,0.0251071337983,-0.398972486772,3.74033665657,1.13387346268,2.47880864143,-0.555591881275,1.74401974678,0.0879834443331
2017/07/11/15:56:19.017050,2997596,1499759782,965401090,,0.784793959768,0.386118615214,0.164435731364,0.637689553773,0.767694446985,0.0530884084017,0.0343349671782,0.0210396538892,-0.104326010595,-0.0114410085875,0.0148695684713,0.00327095208631,-0.39989118725,3.99929046631,1.08218860626,2.3549656868,-0.500376462936,1.84240531921,0.0629120394588
2017/07/11/15:56:19.027173,2997597,1499759782,975403529,,0.78473339486,0.386770259348,0.163884952676,0.638377223434,0.767116758499,0.0535187278946,0.033795638699,0.0161535099234,-0.0939389345238,-0.00998075263218,0.0170864137443,0.00812893036341,-0.392981031433,3.67096805573,1.09800493717,2.21254062653,-0.566829919815,1.73193717003,0.0165832862258
2017/07/11/15:56:19.037002,2997598,1499759782,985397866,,0.78441617913,0.385421404749,0.163550016996,0.640191442115,0.765668042561,0.052950601646,0.033220473026,0.0273502895638,-0.101972539453,-0.00628209040556,0.0317878795098,-0.00997909047455,-0.402953086008,3.34404706955,1.04227232933,2.18592238426,-0.535215139389,1.62111961842,0.00186811387539
2017/07/11/15:56:19.047052,2997599,1499759782,995403511,,0.784678067571,0.383717209745,0.16324749808,0.641724352515,0.764386404458,0.0526035402306,0.0337067889999,0.0189970850856,-0.0981957115425,-0.0135377779158,0.00593542894145,0.0074899973804,-0.375521681691,3.03444027901,0.75775885582,2.11892151833,-0.356897890568,1.51683461666,0.0595545992255
2017/07/11/15:56:19.057086,2997600,1499759783,5400608,,0.784955283884,0.382973253206,0.163343105097,0.643057460903,0.763237468237,0.0530061144529,0.0337049089388,0.00684629661205,-0.127371129237,-0.0225835644484,-0.00410128928005,0.0274852158259,-0.39803261303,2.9602766037,0.797455012798,2.35589146614,-0.383262455463,1.57243263721,0.069424957037
2017/07/11/15:56:19.067175,2997601,1499759783,15404778,,0.785496591435,0.380994271754,0.163441324467,0.644541954666,0.761956318328,0.0530880491231,0.0342037523652,0.007315363591,-0.111653072498,-0.0230217491477,-0.00500031132318,0.0147322239076,-0.36294587596,3.53801631927,1.05826604366,2.50760340691,-0.423508226871,1.87054598331,0.0843403488398
2017/07/11/15:56:19.076857,2997602,1499759783,25397868,,0.785183014284,0.380063845596,0.162420234875,0.645791440756,0.760956754155,0.0525320937798,0.0337433323131,0.0265560477386,-0.129572389424,-0.0209095293972,-0.0106401376066,-0.0219067158943,-0.362126791851,3.27440285683,1.0761743784,2.53537082672,-0.416634559631,1.7633869648,0.088231086731
2017/07/11/15:56:19.087000,2997603,1499759783,35398871,,0.7857785119,0.379223934869,0.16325301753,0.646882424753,0.75996280016,0.0530349278932,0.0344523924074,0.0260299253136,-0.110642325095,-0.0189982887009,-0.00928569791933,-0.0277765338805,-0.325475943488,2.82840394974,0.704379200935,2.56141734123,-0.169818386436,1.62098300457,0.175101384521
2017/07/11/15:56:19.097274,2997604,1499759783,45396581,,0.786244831158,0.377128348854,0.162535685455,0.648163620314,0.758861101582,0.0527033938686,0.0351582434482,0.0367909717532,-0.118429784045,-0.0203316318776,0.00956934434814,-0.0509021641816,-0.33806631703,2.6628715992,0.806943058968,2.61036086082,-0.226711779833,1.57791078091,0.155788600445
2017/07/11/15:56:19.107138,2997605,1499759783,55399697,,0.786917878871,0.375638319369,0.162522244247,0.649389557607,0.75777008354,0.0529946711823,0.0356267847167,0.0427000938354,-0.141916292454,-0.021619998554,-0.0208517244683,-0.0718774156415,-0.31906720099,2.29592204094,0.607660353184,2.31548833847,-0.151960432529,1.38211286068,0.131348595023
2017/07/11/15:56:19.117033,2997606,1499759783,65400944,,0.787648475599,0.37440437753,0.162636673199,0.650182084553,0.757017639757,0.0533991162369,0.0365524884121,0.0541708916038,-0.154145064092,-0.0232762993626,-0.0169018955982,-0.0983032744908,-0.336809855977,3.05881118774,0.674070596695,2.2529027462,-0.278331518173,1.66184639931,0.124518729746
2017/07/11/15:56:19.126879,2997607,1499759783,75401085,,0.787381794771,0.373557355312,0.161402877028,0.651239219102,0.756149459046,0.0531078759202,0.0361251796325,0.0495578293989,-0.134436444121,-0.030080262463,-0.0309802947323,-0.101876396859,-0.283436523739,3.48200917244,0.896919250488,2.07111501694,-0.394950807095,1.74007761478,0.103337235749
2017/07/11/15:56:19.136995,2997608,1499759783,85400825,,0.788638943212,0.371801699603,0.161503774152,0.651896031875,0.755465721354,0.0536973490429,0.0376789356452,0.0689203721334,-0.163909268927,-0.0319131231916,-0.0548376735684,-0.139147974494,-0.284624282643,4.05190992355,0.880133032799,1.82777822018,-0.385529309511,1.90634059906,0.10471753031
2017/07/11/15:56:19.147299,2997609,1499759783,95395391,,0.789431247426,0.369911286684,0.161548581662,0.652814231659,0.754603380989,0.0539926910323,0.0386277835207,0.076762903521,-0.168289017568,-0.0268703174911,-0.071173937581,-0.174415909351,-0.249883000077,4.17967844009,0.790286004543,1.65521550179,-0.322461664677,1.9102036953,0.134352475405
2017/07/11/15:56:19.157194,2997610,1499759783,105397428,,0.790587952874,0.367067851103,0.161280368835,0.65411746132,0.753392549194,0.0540251062419,0.0401410203036,0.0757753322852,-0.190335259602,-0.0356630339641,-0.1060163026,-0.171258320726,-0.213045018491,3.38312625885,0.529366672039,1.67874026299,-0.154884666204,1.61212670803,0.142168596387
2017/07/11/15:56:19.167061,2997611,1499759783,115401246,,0.791054805174,0.36597333767,0.160678422291,0.654323533978,0.753155939043,0.0541559134446,0.0410363425052,0.0781245561595,-0.17777402935,-0.0405629740331,-0.105979147032,-0.189520097102,-0.199191140371,3.21553182602,0.539570391178,1.6177059412,-0.20907664299,1.55268919468,0.10239007324
2017/07/11/15:56:19.177131,2997612,1499759783,125401122,,0.791939771126,0.364068420853,0.160084921305,0.654655925428,0.75278206836,0.0544385233949,0.042204549867,0.0762219454586,-0.18534153108,-0.0407901740593,-0.120878970406,-0.196963533805,-0.161422620986,3.16218948364,0.584231495857,1.70245015621,-0.235662728548,1.55093359947,0.105044841766
2017/07/11/15:56:19.187265,2997613,1499759783,135403059,,0.793115959169,0.3622322876,0.15993556994,0.654890937058,0.752444335554,0.0549307857419,0.0439088969359,0.102490340154,-0.214103328837,-0.0388591899835,-0.161065145891,-0.259709879118,-0.141967692199,3.2876265049,0.589944779873,1.78012800217,-0.207186192274,1.65782511234,0.111719608307
2017/07/11/15:56:19.196832,2997614,1499759783,145397254,,0.794230505455,0.359015005578,0.159248869559,0.655501855789,0.751822536827,0.0545403442113,0.0458861747096,0.0988949773155,-0.248463335408,-0.0529139495338,-0.192958636375,-0.24759304572,-0.148527740776,3.18316674232,0.519231081009,1.74049544334,-0.155655890703,1.62643182278,0.118104442954
2017/07/11/15:56:19.206981,2997615,1499759783,155399120,,0.794994328038,0.357216861423,0.158852497183,0.655691532692,0.751569992411,0.0547732185609,0.0470218565414,0.0852307861079,-0.245384025326,-0.067426340369,-0.196645912499,-0.217859885901,-0.124266124882,2.82440543175,0.790812969208,1.56862735748,-0.309431195259,1.44106817245,0.0733766928315
2017/07/11/15:56:19.217813,2997616,1499759783,165400301,,0.795354953972,0.354634789502,0.158042094297,0.656040714139,0.751212129704,0.0543036299299,0.0483945591375,0.0889999560907,-0.235907538993,-0.0570813308171,-0.177270363575,-0.236947577981,-0.123519437822,2.6463136673,0.442125558853,1.49638652802,-0.0511532202363,1.38366770744,0.151578858495
2017/07/11/15:56:19.226950,2997617,1499759783,175403604,,0.796363505067,0.351844245969,0.157474358157,0.65659157906,0.750620130912,0.054317180488,0.0500655698159,0.0904577175353,-0.24904154789,-0.0636849836271,-0.200373659185,-0.249244022659,-0.124872430265,2.16533017159,0.386380523443,1.2743281126,-0.10148242116,1.15858352184,0.125299990177
2017/07/11/15:56:19.237261,2997618,1499759783,185400936,,0.797771269781,0.350192084431,0.157259719981,0.656432693716,0.750574063587,0.0549945014692,0.0520605272686,0.0920240972926,-0.265320906044,-0.0649492813439,-0.249952540216,-0.26054353559,-0.107796527065,2.27120137215,0.453545600176,1.45410525799,-0.130833178759,1.22847390175,0.102302804589
2017/07/11/15:56:19.247024,2997619,1499759783,195411641,,0.798707046799,0.346744809033,0.156631279099,0.657106118508,0.749864366181,0.0547733459735,0.0539894612176,0.105237989163,-0.280855439323,-0.0651220941011,-0.2625960279,-0.295051108885,-0.110840921813,2.76435923576,0.400481402874,1.48729991913,-0.0672502070665,1.4634642601,0.1655626297
2017/07/11/15:56:19.257188,2997620,1499759783,205400572,,0.7995060084,0.343541219551,0.155197072004,0.657057154996,0.749808380596,0.054183222021,0.0559237508407,0.103719668562,-0.301743097773,-0.0660090582974,-0.273940213585,-0.291381248425,-0.129566641125,2.81742882729,0.411907494068,1.62699484825,-0.15714982152,1.4898545742,0.125976145267
2017/07/11/15:56:19.266953,2997621,1499759783,215399190,,0.800585365447,0.341197106888,0.154860430328,0.657177732597,0.749531897932,0.054064813204,0.0582782784126,0.106582607045,-0.326244447812,-0.0680934413803,-0.318597081077,-0.304342116896,-0.111082836113,2.59263586998,0.452907443047,1.45213675499,-0.210275769234,1.36414182186,0.0750829055905
2017/07/11/15:56:19.277202,2997622,1499759783,225402501,,0.801506743386,0.33773470823,0.153978208256,0.658069149688,0.748632593456,0.0539503654617,0.0598631131084,0.110962750947,-0.311711843135,-0.0740995032413,-0.295412173227,-0.317458139615,-0.104348548179,2.40857672691,0.174139589071,1.39576363564,-0.0622274726629,1.25289273262,0.139420926571
2017/07/11/15:56:19.287054,2997623,1499759783,235398523,,0.802216786898,0.335245758391,0.152709412379,0.657732726665,0.748798491854,0.0536891952538,0.0616923754153,0.0972959741371,-0.311590423503,-0.0808873402822,-0.302979558338,-0.297748425083,-0.110682668041,2.21271681786,0.275738477707,1.4004573822,-0.179233208299,1.18831062317,0.098769068718
2017/07/11/15:56:19.296906,2997624,1499759783,245395806,,0.803157328984,0.33156064276,0.152179817748,0.658507884792,0.74793972796,0.0535929836877,0.0638852182131,0.0856402647385,-0.336771760338,-0.0960636336553,-0.311229757606,-0.270658702524,-0.12570245819,1.96392989159,-0.0960610508919,1.35944676399,0.0876755043864,1.09905862808,0.227845519781
2017/07/11/15:56:19.307071,2997625,1499759783,255399439,,0.804532794385,0.328108628106,0.151404696847,0.658440323908,0.747792415483,0.0536168166361,0.0662425857885,0.0887448557064,-0.326072622576,-0.0855986328814,-0.307739769331,-0.295621971456,-0.119237193936,2.4811501503,0.453470349312,1.49550306797,-0.212378323078,1.31880831718,0.127778768539
2017/07/11/15:56:19.316895,2997626,1499759783,265404218,,0.805130496912,0.324893010834,0.150452449487,0.658802605855,0.747321912439,0.0531022474282,0.0683318156212,0.0897371725531,-0.338296656771,-0.0976054970392,-0.302528281122,-0.291430970473,-0.122238157808,2.63243770599,0.409844428301,1.42333602905,-0.205165490508,1.39036977291,0.135132163763
2017/07/11/15:56:19.327824,2997627,1499759783,275396582,,0.805693050182,0.322220616548,0.149368578291,0.658929877954,0.747065555299,0.0530904310929,0.0698990568732,0.0916773012031,-0.353310720954,-0.0984155383376,-0.316987317833,-0.294651303007,-0.116702287163,2.73440313339,0.408723771572,1.23935759068,-0.192410111427,1.38926053047,0.131984293461
2017/07/11/15:56:19.337146,2997628,1499759783,285402944,,0.806709079434,0.318317608705,0.148271179569,0.658970101378,0.746813586072,0.0526846339575,0.072472080785,0.101095609557,-0.335537813801,-0.0962897114656,-0.295629593758,-0.325436708428,-0.099332396599,2.65982985497,0.118507534266,1.36704647541,-0.0219172239304,1.41507804394,0.177675962448
2017/07/11/15:56:19.346822,2997629,1499759783,295396354,,0.807433546892,0.314374575051,0.147476102417,0.659916127473,0.745810985695,0.0525436408325,0.0742687291214,0.0968624909653,-0.38501055024,-0.095384951533,-0.320030295298,-0.326198286922,-0.162392317305,2.06834578514,-0.0135374963284,1.37985336781,0.125689834356,1.18657183647,0.233500346541
2017/07/11/15:56:19.356892,2997630,1499759783,305395264,,0.807881811332,0.311311987223,0.14589535954,0.659669089406,0.745867620204,0.0519766789909,0.07626670607,0.0794550156275,-0.37553736187,-0.105447069945,-0.317031168626,-0.294453368206,-0.136903310266,2.28166913986,-0.169758528471,1.40651011467,0.207189872861,1.26922726631,0.246152505279
2017/07/11/15:56:19.366959,2997631,1499759783,315404893,,0.809718227058,0.308042177394,0.145269645731,0.660019810961,0.745227457306,0.0526818788327,0.0789588858764,0.0875139902579,-0.375858197346,-0.109088052228,-0.325441863856,-0.3201747898,-0.112684729581,2.14563155174,-0.0193050801754,1.38122665882,0.0421234667301,1.23216319084,0.164781138301
2017/07/11/15:56:19.377228,2997632,1499759783,325398546,,0.810417639091,0.303698205752,0.143922355208,0.660505685173,0.744609102081,0.0520915618264,0.0810925035923,0.0888762188629,-0.360510707945,-0.11997035756,-0.310078571857,-0.327690769689,-0.100709448132,2.00103664398,0.0365328788757,1.43591594696,0.0834298282862,1.16535019875,0.20443803072
2017/07/11/15:56:19.387260,2997633,1499759783,335399414,,0.810890443288,0.299640791718,0.142904306056,0.660774722713,0.744166340937,0.0514452664698,0.0833463100406,0.0859911670028,-0.372532118765,-0.108893132862,-0.318432055097,-0.324674172139,-0.108812588624,1.94763982296,0.0630489289761,1.39053583145,0.0613689422607,1.17272949219,0.191695794463
2017/07/11/15:56:19.396944,2997634,1499759783,345397967,,0.812206977984,0.295906565274,0.142350431101,0.660902131879,0.743717014498,0.0518418886995,0.0860569172132,0.0949969991829,-0.395197110475,-0.106331950989,-0.316745982992,-0.35699960689,-0.133671433292,1.27715241909,-1.74500644207,0.8980717659,0.383845210075,0.912059903145,0.274430811405
2017/07/11/15:56:19.407090,2997635,1499759783,355401326,,0.812984811494,0.292374935899,0.140763066998,0.66158146425,0.742913054957,0.0520319065586,0.0876518090798,0.0781843836347,-0.40243759705,-0.125708498545,-0.323996414477,-0.320567096855,-0.142592967636,1.76196610928,-1.77182519436,1.20468688011,0.366741776466,1.07988011837,0.24352195859
2017/07/11/15:56:19.417305,2997636,1499759783,365395681,,0.814533716588,0.28816002687,0.140260358153,0.661953359449,0.742200446356,0.0525037250978,0.0905516769262,0.0856231224916,-0.431073906099,-0.13665761197,-0.32133721552,-0.327872022383,-0.158606788884,2.1723048687,-0.969829559326,1.65466797352,0.114431291819,1.21884953976,0.179147362709
2017/07/11/15:56:19.426931,2997637,1499759783,375398557,,0.81518751003,0.283935243069,0.138850680088,0.66214941755,0.741787478016,0.0520669842614,0.0927281804406,0.102204004348,-0.377979537652,-0.101761742928,-0.270476812508,-0.386764696987,-0.129258997113,1.38270223141,-0.713083863258,1.8648018837,0.202553838491,0.943277776241,0.260496348143
2017/07/11/15:56:19.437290,2997638,1499759783,385403955,,0.816071920706,0.279592292065,0.137878550032,0.662767097527,0.740924861811,0.05221660593,0.0950975796248,0.086276756663,-0.420439070176,-0.113034806,-0.299835149759,-0.356875832354,-0.156992800139,0.965029835701,-1.15911746025,1.71692240238,0.348479807377,0.782811284065,0.256332814693
2017/07/11/15:56:19.446904,2997639,1499759783,395400967,,0.816484262225,0.27588990986,0.135732899035,0.662872648598,0.740653260038,0.0517564054273,0.0967154312047,0.101885659522,-0.439852116541,-0.117124358495,-0.275633208903,-0.385336598526,-0.197571144246,0.307277977467,-0.836025238037,1.59998095036,0.301940530539,0.558253884315,0.235610902309
2017/07/11/15:56:19.457012,2997640,1499759783,405401799,,0.817881555714,0.272179553172,0.135571037521,0.663792739417,0.739430260096,0.0530353495074,0.0990421185907,0.0962676510062,-0.417442241831,-0.115939237803,-0.249740181385,-0.380289181918,-0.170053404102,0.0979539304972,-1.09290266037,1.65919494629,0.440988063812,0.576992869377,0.278858959675
2017/07/11/15:56:19.467041,2997641,1499759783,415396390,,0.818611606653,0.268699789787,0.133964084547,0.663910890387,0.739039246441,0.0534948676369,0.100904018664,0.0862889968917,-0.436357759084,-0.125471030414,-0.220570085975,-0.375235622945,-0.236881121948,-0.0564087629318,-0.82166826725,1.64793896675,0.392729103565,0.553338527679,0.290097475052
2017/07/11/15:56:19.476938,2997642,1499759783,425399729,,0.820025140068,0.264006894834,0.133363304576,0.66506038102,0.73757527315,0.0542404143761,0.10361169569,0.0989490063344,-0.424815167782,-0.119803625071,-0.185336079574,-0.413299014955,-0.239563634606,0.157569661736,-1.32649683952,1.94684791565,0.612045586109,0.66777408123,0.358993560076
2017/07/11/15:56:19.487166,2997643,1499759783,435403478,,0.820861761694,0.260682164497,0.131943547232,0.66558598823,0.73683139189,0.0550002477745,0.105117862142,0.111042539366,-0.428201894092,-0.110593268461,-0.194425917518,-0.440556599724,-0.240941929085,-0.550078332424,-1.2420771122,2.06428623199,0.630739092827,0.410500377417,0.376545667648
2017/07/11/15:56:19.496951,2997644,1499759783,445397420,,0.822316124129,0.256872573533,0.131264442739,0.665887621647,0.736116741075,0.0557772149082,0.10777161567,0.0969469708692,-0.422066878112,-0.132589258753,-0.168740893388,-0.399918922561,-0.227441317038,-0.42789632082,0.248288065195,2.0472381115,-0.0908431112766,0.367608845234,0.106701910496
2017/07/11/15:56:19.507368,2997645,1499759783,455398715,,0.823398409399,0.252841330938,0.129954668202,0.666744663464,0.734972319628,0.0566597494912,0.109803988593,0.122060754166,-0.395227581701,-0.100111380506,-0.161864584612,-0.475885306833,-0.205961951449,-0.70824444294,1.69414639473,2.05288934708,-0.878891587257,0.198574125767,-0.183557599783
2017/07/11/15:56:19.517576,2997646,1499759783,465401246,,0.82462648843,0.249120887672,0.128652676017,0.667265281246,0.734104339155,0.0575998028664,0.111938047094,0.113841789317,-0.38838103807,-0.115379878184,-0.1383211259,-0.460235686615,-0.21320567165,-1.26729893684,2.12444615364,2.08245849609,-1.03440904617,-0.00738961994648,-0.190680623055
2017/07/11/15:56:19.527068,2997647,1499759783,475400195,,0.825461759814,0.244040866904,0.127507702799,0.668399147029,0.732701076243,0.0579122354174,0.114183563228,0.127555701277,-0.406355535432,-0.106956463652,-0.120151573028,-0.495913461556,-0.252241125343,-0.807311117649,0.870417118073,2.13541030884,-0.534915804863,0.198871552944,-0.0422517359257
2017/07/11/15:56:19.537206,2997648,1499759783,485403798,,0.82734224533,0.240390171274,0.127123225406,0.6691211069,0.73148755039,0.0596692521191,0.116801062826,0.122365960769,-0.453519585738,-0.108752923225,-0.168298013189,-0.496444033745,-0.288502703371,-1.20946061611,-0.00839918851852,2.35102343559,0.211345016956,0.0890381783247,0.249270498753
2017/07/11/15:56:19.547026,2997649,1499759783,495400522,,0.828074736192,0.236326763195,0.125251423484,0.669589588237,0.730721479227,0.0603216124627,0.118563089493,0.132993623646,-0.446257361787,-0.104918396531,-0.142205035511,-0.528462735736,-0.284280736339,-1.34720551968,-1.08537817001,1.803855896,0.691499173641,0.0409914851189,0.407340109348
2017/07/11/15:56:19.557417,2997650,1499759783,505401988,,0.829570451361,0.231201254778,0.124613055418,0.670328027557,0.729487842395,0.0610067597785,0.121597691306,0.134765958463,-0.442891868422,-0.0954882481254,-0.1574245751,-0.536320168132,-0.24853143894,-1.15447545052,-1.74711298943,1.81447839737,0.884879112244,0.134526431561,0.435699045658
2017/07/11/15:56:19.567075,2997651,1499759783,515400010,,0.83102170881,0.227437487748,0.123793869465,0.671178007037,0.728200921011,0.0625128511658,0.123837171103,0.131647249134,-0.45435283293,-0.100608245075,-0.155164197311,-0.518198490566,-0.264540867054,-2.11292600632,-1.3912987709,1.92033696175,0.688975930214,-0.252769827843,0.383504390717
2017/07/11/15:56:19.577026,2997652,1499759783,525399557,,0.832401404535,0.222949242314,0.122500329949,0.671968525308,0.72696902127,0.0636268597104,0.126198121355,0.144626240013,-0.451622271269,-0.102319951572,-0.124468251492,-0.547537880099,-0.281230242747,-3.00396466255,-0.849032580853,1.69423091412,0.362880975008,-0.614830732346,0.292723983526
2017/07/11/15:56:19.587065,2997653,1499759783,535399375,,0.833917023046,0.218283662908,0.121932754679,0.67264015491,0.72578984526,0.0645911554488,0.128888731691,0.13242745597,-0.431209029075,-0.117622004074,-0.0969796248221,-0.524045080893,-0.28450795537,-2.86321854591,-0.45918649435,2.27648830414,0.175690576434,-0.477901101112,0.245765298605
2017/07/11/15:56:19.596926,2997654,1499759783,545395389,,0.835487198356,0.214293257954,0.121026375412,0.67323757206,0.724669179944,0.0660205553771,0.13132797674,0.132698696522,-0.431173223886,-0.103630037683,-0.11520920685,-0.534805320007,-0.25569251292,-3.280595541,-0.855232596397,2.78915095329,0.327559828758,-0.630685329437,0.316609680653
2017/07/11/15:56:19.607055,2997655,1499759783,555396053,,0.836904247721,0.209553602112,0.120067175791,0.673931846663,0.723425021652,0.0670342962768,0.134083955875,0.137409936432,-0.480477033172,-0.0988793621986,-0.148829829116,-0.54484946495,-0.304118452264,-3.4589509964,-0.807144761086,2.90105104446,0.5087428689,-0.617011547089,0.372220098972
2017/07/11/15:56:19.617081,2997656,1499759783,565400836,,0.838078848692,0.205954983751,0.119003993928,0.674713564516,0.722246320303,0.0684307217688,0.135790629226,0.133139027091,-0.45999877705,-0.0982159567317,-0.156034815184,-0.526735195274,-0.271760006853,-3.65167689323,-1.04504621029,2.60435342789,0.719307184219,-0.720551133156,0.465931236744
2017/07/11/15:56:19.626916,2997657,1499759783,575401355,,0.838902486668,0.201074638189,0.117393748381,0.675002431781,0.721538117193,0.0681633284751,0.138232496822,0.13206572291,-0.480367027953,-0.0938054396952,-0.168228890521,-0.521277114935,-0.298316669887,-4.10134744644,-0.704595923424,1.88407337666,0.549819052219,-0.982281267643,0.40744099021
2017/07/11/15:56:19.637089,2997658,1499759783,585395570,,0.840590866166,0.196424154303,0.116761281017,0.675943249602,0.720022432994,0.0694677245084,0.14086395761,0.131277517739,-0.494685768138,-0.0935152494205,-0.218895590264,-0.513012157692,-0.27370403831,-4.22996234894,-0.359293371439,1.46424281597,0.366083204746,-1.13691043854,0.350408583879
2017/07/11/15:56:19.646955,2997659,1499759783,595394338,,0.841506044277,0.190986448664,0.115399141424,0.677045939022,0.718494658969,0.0698896760856,0.143142078594,0.123647037161,-0.507363023985,-0.118074359084,-0.204882793604,-0.491799363253,-0.29421953333,-3.8066277504,-0.683112740517,1.2426956892,0.261852830648,-0.990224003792,0.276483565569
2017/07/11/15:56:19.657582,2997660,1499759783,605401558,,0.843537257719,0.187442763546,0.114952974119,0.677194894935,0.717610847608,0.0716562760041,0.145969598814,0.125961250361,-0.493907581974,-0.113122657983,-0.16222506315,-0.491523903139,-0.304164015483,-3.40186476707,-0.017224162817,1.78123688698,0.0786690935493,-0.758110225201,0.166060447693
2017/07/11/15:56:19.667137,2997661,1499759783,615402464,,0.844614912594,0.18154217567,0.113527058244,0.678251702548,0.716093094526,0.0718569318621,0.148397740234,0.139059992561,-0.478215131246,-0.108341889913,-0.179539951776,-0.517614635963,-0.258569313834,-4.19410133362,-0.532000720501,2.08957386017,0.380597174168,-0.950770378113,0.377432137728
2017/07/11/15:56:19.677031,2997662,1499759783,625399856,,0.845272571602,0.177310964554,0.112230295179,0.678302991677,0.715642633828,0.0718292365259,0.150337064324,0.13994246819,-0.509291868093,-0.103013442489,-0.212777057157,-0.517204806198,-0.280344717026,-4.94834518433,-0.0387040376663,1.97659111023,0.103828795254,-1.20738124847,0.213854297996
2017/07/11/15:56:19.686981,2997663,1499759783,635400491,,0.847329084006,0.172772224336,0.111912389377,0.678992105718,0.714210144213,0.0733071793599,0.153295948184,0.13030705539,-0.518233169008,-0.105990496363,-0.234583814383,-0.478125446093,-0.285860909662,-5.59364938736,-0.497697979212,2.23038506508,0.322879970074,-1.45406270027,0.338566660881
2017/07/11/15:56:19.696947,2997664,1499759783,645396740,,0.848838205827,0.167117983919,0.110711764687,0.679924468931,0.712656099303,0.0737322697332,0.156165146802,0.119374820765,-0.511997782727,-0.115545855037,-0.236484688854,-0.437299507635,-0.28278530172,-5.75556135178,-0.953247904778,1.9254732132,0.551864683628,-1.44395804405,0.483116716146
2017/07/11/15:56:19.707152,2997665,1499759783,655402127,,0.849272668237,0.162813923535,0.108968580011,0.680365908745,0.711946101388,0.0733073008903,0.157673772616,0.118667324763,-0.507753368136,-0.117661784624,-0.250718106844,-0.421173291858,-0.264930988267,-5.9284362793,-0.646730661392,1.9472360611,0.600270867348,-1.50263094902,0.505795001984
2017/07/11/15:56:19.717120,2997666,1499759783,665395786,,0.850288674417,0.157052146908,0.107982174112,0.681223689676,0.7105745031,0.0731916433458,0.160190959521,0.12564736545,-0.513701758032,-0.118543982601,-0.282194673256,-0.421295451902,-0.238883114563,-6.2485165596,-1.29421138763,1.93644177914,0.602303028107,-1.57634699345,0.500874042511
2017/07/11/15:56:19.726936,2997667,1499759783,675403023,,0.851417479647,0.151722281147,0.106806079451,0.681846630218,0.709450620571,0.0730388047794,0.162574053367,0.11189984166,-0.518845721968,-0.127370511273,-0.306598479469,-0.380366109949,-0.229739366105,-5.832072258,-1.296479702,2.01473474503,0.615809619427,-1.4833625555,0.5417111516
2017/07/11/15:56:19.736976,2997668,1499759783,685403128,,0.853091349486,0.147163948026,0.105680844801,0.682111990486,0.708560641684,0.0735974348771,0.165071097021,0.122154818167,-0.53045473275,-0.125232944749,-0.312512166681,-0.379633352029,-0.25433064027,-6.7818069458,-0.729446649551,1.98990869522,0.375554323196,-1.92012953758,0.474461972713
2017/07/11/15:56:19.747120,2997669,1499759783,695395859,,0.854384694142,0.142364794783,0.10457662353,0.682576436817,0.707516105798,0.0736071807656,0.167607729174,0.11653751689,-0.531100859075,-0.140557626199,-0.320287568024,-0.358843205589,-0.250248445201,-7.16261577606,-0.530380129814,1.41733264923,0.422429800034,-2.09337306023,0.548027932644
2017/07/11/15:56:19.757191,2997670,1499759783,705403023,,0.856087257579,0.137780718987,0.103552859119,0.68230595361,0.707076108753,0.0739454613329,0.170393752373,0.13568255509,-0.529703037351,-0.123260352268,-0.34631379231,-0.393559380871,-0.222484050169,-7.737657547,-0.370611965656,1.60298836231,0.381394356489,-2.19616222382,0.572272062302
2017/07/11/15:56:19.767014,2997671,1499759783,715400335,,0.857004355081,0.132464541524,0.101995799515,0.682906440797,0.705987352292,0.0732965168225,0.172766524951,0.150541943387,-0.521807671046,-0.103816580805,-0.372938716586,-0.423169205539,-0.16603182023,-7.28623056412,0.185000598431,0.819313287735,0.236154302955,-2.03184080124,0.511261880398
2017/07/11/15:56:19.777026,2997672,1499759783,725409494,,0.858439140379,0.126314821844,0.101005913494,0.683171396206,0.705068870067,0.0730959836359,0.175532643814,0.133873852314,-0.554115715492,-0.119588377917,-0.386140748072,-0.399055694272,-0.199466290165,-6.58083152771,-0.730399250984,0.631403446198,0.372403413057,-1.73423159122,0.538146972656
2017/07/11/15:56:19.786995,2997673,1499759783,735400948,,0.859561919543,0.120942747051,0.0993732672536,0.683344720727,0.704334946279,0.0723914795027,0.178077931819,0.119701336095,-0.564222435679,-0.145644365243,-0.390846459064,-0.350417022152,-0.207045659518,-7.1338019371,-0.680431485176,1.1607735157,0.17685970664,-1.9684368372,0.429433465004
2017/07/11/15:56:19.797196,2997674,1499759783,745397957,,0.860967416728,0.116673515906,0.097718652597,0.683213027463,0.703877406249,0.0722896356478,0.180418304655,0.1319258041,-0.568482428292,-0.133885403288,-0.414438577519,-0.359381310299,-0.207516053835,-6.6188621521,-0.0408594310284,1.62063312531,-0.0079760402441,-1.80999040604,0.355414867401
2017/07/11/15:56:19.807027,2997675,1499759783,755398684,,0.862432452693,0.110630930069,0.096641976166,0.683629405458,0.702754908645,0.0719549776117,0.183327181743,0.140759074437,-0.547779800585,-0.130418950229,-0.425168822904,-0.363964490171,-0.150028341624,-7.53050279617,0.0388982892036,1.39241826534,-0.0403905361891,-2.20343017578,0.424142181873
2017/07/11/15:56:19.817659,2997676,1499759783,765400838,,0.864047927409,0.104907591493,0.0954957056668,0.6835998292,0.702012719126,0.0717465699096,0.186337987029,0.151722684836,-0.550527106261,-0.123441666469,-0.417377898128,-0.384985055004,-0.162719818633,-8.07066249847,-0.345920950174,1.23630523682,0.163437277079,-2.28071594238,0.574774503708
2017/07/11/15:56:19.827030,2997677,1499759783,775401788,,0.865759911013,0.100863935797,0.0944398007795,0.683316393575,0.701597454078,0.0719616646089,0.188841832043,0.152436992072,-0.563498456649,-0.126303097934,-0.436293441473,-0.387541014785,-0.170542543273,-7.18730545044,0.580423235893,1.47374677658,0.119792073965,-2.00388002396,0.523022353649
2017/07/11/15:56:19.836994,2997678,1499759783,785401058,,0.867733320354,0.0962357437246,0.0932596695779,0.683119956894,0.700991161824,0.0720200050352,0.191759313758,0.171774789508,-0.525776038784,-0.119638979318,-0.426609402429,-0.426048726325,-0.105630123564,-6.47931814194,0.221890598536,1.53925418854,0.489815115929,-1.65339446068,0.697724282742
2017/07/11/15:56:19.846963,2997679,1499759783,795408039,,0.868900826501,0.0899556107557,0.0921078226471,0.683335534299,0.700098906095,0.0710764158594,0.194582148093,0.171289839606,-0.529948198296,-0.125650536656,-0.434406251209,-0.41649382251,-0.107920662549,-6.48971700668,-0.891622245312,1.44733202457,0.616969525814,-1.58504343033,0.724441885948
2017/07/11/15:56:19.857078,2997680,1499759783,805403537,,0.870469279657,0.0847503723123,0.0905477763712,0.683144452607,0.699586753002,0.0706906073193,0.197217823568,0.159640713081,-0.571787407659,-0.125215292169,-0.464327917636,-0.384726616459,-0.144066104392,-6.08994340897,-0.635395944118,0.762836694717,0.392849355936,-1.51268982887,0.619256854057
2017/07/11/15:56:19.866933,2997681,1499759783,815401524,,0.87309362826,0.0797436065073,0.0904324685838,0.682666576852,0.698925276067,0.0711211565573,0.201026327664,0.170818954229,-0.563007716959,-0.114175948763,-0.460113507927,-0.397557162189,-0.1441600145,-6.13064050674,-0.0683749914169,1.25299930573,0.216616541147,-1.64951682091,0.578623771667
2017/07/11/15:56:19.877124,2997682,1499759783,825397330,,0.874646705252,0.0747664390239,0.0890039840364,0.682876457114,0.698074559559,0.0709189687573,0.203327699752,0.174603671866,-0.553683759382,-0.10788735763,-0.458614595388,-0.40727657929,-0.129186500094,-6.1041560173,0.299011170864,1.11096191406,-0.0729641318321,-1.65390467644,0.420591711998
2017/07/11/15:56:19.886833,2997683,1499759783,835395719,,0.876365297792,0.0691507770812,0.0879156538325,0.682587838885,0.697507410928,0.0701765046729,0.2064764202,0.189949564933,-0.539277735548,-0.105363181714,-0.439713268441,-0.434048343066,-0.112809620925,-5.33600187302,0.240004807711,1.18803405762,0.0106107294559,-1.4403167963,0.436411798
2017/07/11/15:56:19.897027,2997684,1499759783,845396888,,0.878409441494,0.0636227563343,0.0873314698648,0.682760586172,0.696378727705,0.0705463038048,0.209565905125,0.199963828872,-0.53231957064,-0.0963668255285,-0.444546351406,-0.45509287368,-0.107164101469,-5.23956489563,0.580863237381,0.632207393646,-0.195015266538,-1.42221939564,0.330551803112
2017/07/11/15:56:19.907163,2997685,1499759783,855400700,,0.880250729357,0.0584883964659,0.0864362181083,0.682319414438,0.695940400014,0.070005971628,0.212617826734,0.191117089731,-0.558353400207,-0.0906352367347,-0.476926424755,-0.431729030369,-0.11719856595,-5.04672670364,0.139668464661,0.581414043903,-0.0887418985367,-1.3390045166,0.340589761734
2017/07/11/15:56:19.917314,2997686,1499759783,865401240,,0.882122813411,0.0537357720884,0.0855476152704,0.681613070869,0.695777863583,0.069613154803,0.215524464612,0.203303965966,-0.565399348513,-0.0786124360974,-0.464817051137,-0.461536400356,-0.130360637539,-4.8781337738,0.169527977705,0.684699118137,-0.00859241187572,-1.26385426521,0.381589353085
2017/07/11/15:56:19.927164,2997687,1499759783,875401025,,0.883985775205,0.048823691943,0.0846022908229,0.681812160218,0.694783250799,0.0695684541447,0.218102367654,0.206296043113,-0.534049717132,-0.0792822062164,-0.445327678454,-0.44659247636,-0.110146280049,-4.69462394714,0.500239193439,0.340411216021,-0.0189172178507,-1.24326515198,0.404385328293
2017/07/11/15:56:19.937222,2997688,1499759783,885404576,,0.886199969317,0.042895956458,0.0837816280843,0.68186733803,0.693676088486,0.0696611878603,0.221399495251,0.206736720594,-0.539015989816,-0.0796057556059,-0.449571047852,-0.451995442498,-0.125699408107,-4.24173736572,0.437936544418,-0.284647524357,-0.106401324272,-1.1201223135,0.325456827879
2017/07/11/15:56:19.946875,2997689,1499759783,895401601,,0.887895364958,0.0368721112745,0.0830684692141,0.681816359116,0.69280896239,0.0689930357189,0.224459695928,0.201083878942,-0.575210669751,-0.076209633048,-0.455309391195,-0.444804860427,-0.167999772528,-4.34360837936,-0.231007441878,-0.212509170175,-0.0902294814587,-1.19002115726,0.315371274948
2017/07/11/15:56:19.957278,2997690,1499759783,905401160,,0.890066052076,0.0325986666038,0.0822585469613,0.681405889469,0.69228895313,0.0693011705861,0.227198958903,0.203204156293,-0.560709671631,-0.0629242816634,-0.448878935771,-0.448509763428,-0.152464141895,-4.4859085083,0.648208260536,0.214425265789,-0.288637578487,-1.21357297897,0.200506940484
2017/07/11/15:56:19.967074,2997691,1499759783,915401177,,0.892333494771,0.0279352201978,0.0820827192356,0.681288376159,0.69143370243,0.0693883285984,0.230110502823,0.209898017032,-0.528740487622,-0.0586491557619,-0.426216173622,-0.440145407485,-0.137130134419,-4.63908338547,1.02774691582,0.819735646248,-0.198026180267,-1.20148384571,0.264472454786
2017/07/11/15:56:19.977042,2997692,1499759783,925395454,,0.894809075674,0.0227183181455,0.0822060098477,0.681049318477,0.690526627688,0.0694504331674,0.233498264636,0.218095888712,-0.545685381394,-0.0448126023962,-0.443801142685,-0.458773507411,-0.159287573866,-3.60111474991,0.290028035641,1.40415227413,0.146287500858,-0.827668607235,0.372806549072
2017/07/11/15:56:19.986802,2997693,1499759783,935402219,,0.896721429064,0.0174779786955,0.0812605262558,0.681009920134,0.689723979441,0.0691880814837,0.236049423307,0.21734692009,-0.553871282011,-0.04221949942,-0.480099568223,-0.441589011139,-0.135949271878,-3.46929740906,0.703314781189,0.928382277489,-0.0545022189617,-0.829583644867,0.23577837646
2017/07/11/15:56:19.997195,2997694,1499759783,945404072,,0.898357883178,0.0120234215623,0.0807411827454,0.681013837453,0.688845625584,0.0682759575811,0.238851943531,0.21031868493,-0.534065585632,-0.0453006958241,-0.463043683419,-0.410152241283,-0.141529498425,-3.37511277199,0.417536556721,0.113451719284,-0.255680143833,-0.906188368797,0.0962969139218
2017/07/11/15:56:20.007112,2997695,1499759783,955403913,,0.900436352693,0.00634556246436,0.0804227965254,0.681014143082,0.687767271423,0.0679781349221,0.242022499893,0.189937453445,-0.532379650497,-0.0640799413224,-0.428254703432,-0.371917996414,-0.16856640895,-3.07131838799,0.637448549271,0.180033266544,-0.368278563023,-0.758202254772,-0.0335130691528
2017/07/11/15:56:20.017366,2997696,1499759783,965399937,,0.901929933686,0.0011478446009,0.0799097590563,0.68120033099,0.686779129467,0.0673459740485,0.244468926793,0.199183166052,-0.546049063464,-0.0315047806568,-0.425561321302,-0.400601091796,-0.195268470106,-3.33747267723,0.96788495779,-0.0423180870712,-0.558954000473,-0.809688568115,-0.132862657309
2017/07/11/15:56:20.026887,2997697,1499759783,975401896,,0.903705083765,-0.00288949279766,0.0793086457648,0.681170556355,0.686099181609,0.0672514734231,0.246478854009,0.194235291609,-0.542807876475,-0.0377082699161,-0.418238959164,-0.390157318958,-0.202533849808,-2.04077863693,0.969194531441,0.255061715841,-0.500154137611,-0.454930990934,-0.210213690996
2017/07/11/15:56:20.036994,2997698,1499759783,985402029,,0.905446656938,-0.0091091745659,0.0790955575806,0.681049698896,0.685160320672,0.0666003609338,0.24958171915,0.201001414384,-0.536403092896,-0.0133930333405,-0.406045489258,-0.406441158555,-0.211157310256,-2.14122200012,0.891819894314,-0.155013203621,-0.551394224167,-0.536594033241,-0.205782964826
2017/07/11/15:56:20.047096,2997699,1499759783,995395957,,0.90714746134,-0.0129585589842,0.0780127816368,0.681346112968,0.684241651545,0.0662355408622,0.251383551095,0.189861633536,-0.526259309729,-0.0244462221961,-0.404431115263,-0.369592085614,-0.203123200356,-1.95768904686,0.709101200104,-0.541716098785,-0.389092326164,-0.432378292084,-0.149812743068
2017/07/11/15:56:20.057514,2997700,1499759784,5403712,,0.909553431832,-0.0189419465658,0.0789201554431,0.681480352291,0.682864471191,0.0660089351893,0.254800831831,0.174740084588,-0.519607228569,-0.0345648019546,-0.379634757701,-0.329048311865,-0.225399583304,-0.830546200275,0.36625084281,-0.646097123623,-0.378508925438,-0.164197564125,-0.25025755167
2017/07/11/15:56:20.067055,2997701,1499759784,15401037,,0.911496546094,-0.0227169711389,0.0784874056277,0.681969335937,0.681628068642,0.0663678302407,0.256702769737,0.164946764714,-0.533224256185,-0.0279783927705,-0.407010785126,-0.310937235397,-0.238508145615,-0.471459120512,0.452068716288,-0.181234866381,-0.283539801836,-0.0201752260327,-0.25401031971
2017/07/11/15:56:20.076902,2997702,1499759784,25399850,,0.912262518583,-0.0284734603904,0.0780842251891,0.682385369363,0.680580372972,0.0651360995667,0.258684851004,0.174205606701,-0.543470026263,-0.00694600226545,-0.398915933693,-0.344947041821,-0.271505771518,-0.495715230703,0.587424039841,-0.496397525072,-0.437793552876,0.0366394966841,-0.392485707998
2017/07/11/15:56:20.086725,2997703,1499759784,35401340,,0.913781242405,-0.0330949100429,0.0776394500694,0.682902744552,0.679396829739,0.0644929974457,0.26058480866,0.166459993651,-0.503856080957,-0.0186160388467,-0.368520448591,-0.308717021038,-0.244740362241,0.00377829372883,1.21038627625,-0.925641000271,-0.700826644897,0.0973303988576,-0.596774756908
2017/07/11/15:56:20.096826,2997704,1499759784,45397396,,0.91522674884,-0.0379438536182,0.0775408395764,0.683094806524,0.678380392172,0.0638495136469,0.262877858376,0.159012413465,-0.511054077887,-0.0233417924524,-0.365566506522,-0.283734955102,-0.258675891458,0.132107615471,0.910483837128,-0.916110277176,-0.5968272686,0.111991226673,-0.571284174919
2017/07/11/15:56:20.107381,2997705,1499759784,55400872,,0.916393755971,-0.0429318951442,0.076757504739,0.682809348599,0.678003249015,0.0624545232956,0.264919648782,0.162443079478,-0.481134088337,-0.00982934523919,-0.350809692188,-0.276195816836,-0.244439339038,1.18538463116,0.748540520668,-1.48256182671,-0.650870859623,0.412443518639,-0.740947961807
2017/07/11/15:56:20.117200,2997706,1499759784,65401034,,0.918663667283,-0.0466589633868,0.0772407026118,0.683179957286,0.676687077007,0.0631401093197,0.267157392504,0.138149997393,-0.494400416473,-0.0265936236223,-0.342116011761,-0.239155976111,-0.269444181194,1.29327940941,0.687559604645,-1.12937819958,-0.506548285484,0.418612718582,-0.677010893822
2017/07/11/15:56:20.127157,2997707,1499759784,75400636,,0.91975772723,-0.0512199828781,0.0771030945717,0.683801929451,0.675477445474,0.062296672319,0.268820137923,0.148977120172,-0.480157166943,-0.0041289240768,-0.365606210344,-0.26398296136,-0.222816391141,0.426057249308,0.894962668419,-0.505217075348,-0.718630731106,0.231598511338,-0.771488428116
2017/07/11/15:56:20.136775,2997708,1499759784,85401340,,0.920961530473,-0.0564998251499,0.0770756335226,0.683650861625,0.674757624054,0.0610767987255,0.271280800718,0.143450953092,-0.478879670235,0.0072345280263,-0.353429390256,-0.267048703851,-0.252951581842,0.352590918541,0.701228141785,-0.26038146019,-0.570163369179,0.268518298864,-0.738892793655
2017/07/11/15:56:20.146841,2997709,1499759784,95402512,,0.92229890485,-0.060504114836,0.0770578471794,0.684515295117,0.673244862973,0.0610407959587,0.27286294446,0.149850238063,-0.459298817797,0.0175450451507,-0.349544914028,-0.266740403326,-0.220281089004,0.365426838398,-0.0393857359886,-0.953612208366,-0.453805863857,0.22998252511,-0.692475616932
2017/07/11/15:56:20.157364,2997710,1499759784,105402864,,0.92400194151,-0.0639300507539,0.0769592676687,0.684151937701,0.672855691192,0.0606493840359,0.274814477761,0.138633860029,-0.46303640249,0.0116612025807,-0.345024633451,-0.252799643555,-0.21536090452,0.78717893362,0.396904498339,-1.61511528492,-0.530302584171,0.207449555397,-0.730355143547
2017/07/11/15:56:20.167063,2997711,1499759784,115400484,,0.925747004492,-0.0684105666108,0.0778660400834,0.683735387463,0.672253320218,0.0603515078736,0.277378962583,0.126056640886,-0.450085585625,-0.00365328907174,-0.323418374291,-0.221400996946,-0.210373900487,2.68069839478,0.213528543711,-1.30242860317,-0.462319403887,0.717109203339,-0.879649698734
2017/07/11/15:56:20.177224,2997712,1499759784,125400959,,0.926272365875,-0.0718401069687,0.0769351717371,0.683610503854,0.672134815612,0.0590458170116,0.278253589654,0.146632675147,-0.415388281085,0.0151223700312,-0.339504162102,-0.244793856969,-0.119093608312,2.95650029182,2.88010883331,-1.76940059662,-0.906026244164,1.00879240036,-1.25382316113
2017/07/11/15:56:20.187027,2997713,1499759784,135396176,,0.927723481482,-0.0771035700919,0.0775845679531,0.683534283482,0.671155537856,0.0587727067247,0.280850309336,0.123630959091,-0.439302031451,0.0112441133847,-0.36434325735,-0.198718621577,-0.127894847809,2.64584159851,2.02648043633,-1.53869533539,-0.621596038342,0.907614946365,-1.04512274265
2017/07/11/15:56:20.196879,2997714,1499759784,145395653,,0.92919961098,-0.0811471495406,0.0782967034765,0.683243753904,0.67068139835,0.0578724029405,0.282869615966,0.124184022061,-0.449756107117,0.0268459484359,-0.39372301453,-0.201869797366,-0.116799558191,2.41704320908,2.07585692406,-1.59641087055,-1.17035186291,0.69547533989,-1.39492809772
2017/07/11/15:56:20.207093,2997715,1499759784,155396700,,0.930020736128,-0.0862399956619,0.0787449710408,0.683775807529,0.669425063652,0.0574143270468,0.284647719546,0.125960795236,-0.473820973782,0.0469146230045,-0.400470662408,-0.22483378605,-0.133853427946,2.84537148476,2.37546515465,-1.66078686714,-1.61955308914,0.724544286728,-1.80817365646
2017/07/11/15:56:20.216930,2997716,1499759784,165396310,,0.931439188231,-0.0902567181002,0.0797488939292,0.683473237768,0.66890998916,0.0568950561293,0.286682249615,0.147060055327,-0.422844966572,0.0563154758454,-0.352833151999,-0.247672462923,-0.0945328667657,2.57060599327,2.14183831215,-1.33416473866,-1.2985253334,0.688699960709,-1.56055998802
2017/07/11/15:56:20.226787,2997717,1499759784,175405851,,0.932671498578,-0.0933925384234,0.0796486368711,0.682650042355,0.669149607271,0.0564547918684,0.288167623505,0.123136117311,-0.426343912853,0.056724431012,-0.34199794193,-0.211843128293,-0.102715154292,2.09289360046,1.34390282631,-1.25637304783,-0.730934143066,0.575029015541,-1.11077225208
2017/07/11/15:56:20.237412,2997718,1499759784,185403299,,0.933782894219,-0.0964592248308,0.0795127799332,0.682402442016,0.66893943128,0.0559766459932,0.289332956147,0.149064740146,-0.375533178769,0.0608659715854,-0.290996782064,-0.251297309558,-0.0474020499563,1.46887135506,-1.6104786396,-0.838349044323,0.791693329811,0.553773224354,0.217164680362
2017/07/11/15:56:20.246906,2997719,1499759784,195400807,,0.935176647561,-0.101165524664,0.0807815173565,0.681134736918,0.669080311241,0.0549137154153,0.292184002184,0.133110485063,-0.432574879451,0.070805079616,-0.43200479758,-0.213174117779,-0.00440117599324,2.27956748009,-4.24422502518,-0.496127903461,2.05619263649,1.00925886631,0.994347453117
2017/07/11/15:56:20.257618,2997720,1499759784,205396422,,0.93719358321,-0.10495102916,0.0818182981382,0.679273943466,0.66973205474,0.054338786597,0.295115538141,0.119611764292,-0.443639457818,0.0712457552984,-0.625863832282,-0.132690261345,0.176867888483,3.43948769569,-4.54422712326,-0.574102282524,1.89780175686,1.37072622776,0.640369594097
2017/07/11/15:56:20.267275,2997721,1499759784,215400305,,0.938643668092,-0.108493584233,0.0824411210927,0.677066044731,0.670978784218,0.0529601860415,0.297597481334,0.130872724495,-0.435232055011,0.08058645433,-0.646491744543,-0.142296946915,0.213320191416,3.36300444603,-2.5908639431,-1.02912175655,0.675498902798,1.16590166092,-0.210938587785
2017/07/11/15:56:20.277379,2997722,1499759784,225397113,,0.940631017581,-0.111486834085,0.0836487859322,0.676345457331,0.670741919123,0.0532502567417,0.299710711247,0.135640682229,-0.392141945557,0.06790695869,-0.554165955327,-0.151855337532,0.208228861536,2.87904810905,-0.279154062271,-1.25174951553,-0.591507434845,0.954313874245,-0.926831483841
2017/07/11/15:56:20.287036,2997723,1499759784,235395795,,0.94118472294,-0.11567645868,0.0838083231223,0.675307119564,0.671118914673,0.0518803910271,0.301443397111,0.14620016492,-0.370069719041,0.0801985369591,-0.469303877517,-0.198484291033,0.162970743783,3.16772437096,0.853380858898,-1.20549488068,-0.998547255993,1.09136903286,-1.17536664009
2017/07/11/15:56:20.296975,2997724,1499759784,245398177,,0.9423624266,-0.119223730359,0.0846152699021,0.674081638623,0.671463745833,0.0510409292895,0.303554288455,0.152139689697,-0.380734852065,0.111850445328,-0.504300095542,-0.231571492977,0.1529282871,3.69632935524,0.536062300205,-0.828675508499,-0.558541536331,1.4419696331,-0.951552331448
2017/07/11/15:56:20.307432,2997725,1499759784,255407354,,0.943759706376,-0.122368858696,0.0855060519218,0.67233888057,0.672304810218,0.0500372533126,0.305717099803,0.118641965582,-0.38882549882,0.0807496307451,-0.496864817365,-0.168084016649,0.117626402185,3.30342149734,0.109801366925,-0.574669241905,-0.0334703251719,1.40269351006,-0.614485919476
2017/07/11/15:56:20.316960,2997726,1499759784,265404128,,0.943951289589,-0.127616637608,0.0861626396484,0.672076955971,0.671826240765,0.048450007799,0.307594967802,0.112928200626,-0.399461599115,0.0900566187141,-0.581145867692,-0.132009774238,0.158246466344,2.50080919266,-0.296870827675,-0.566269218922,0.193273916841,1.07985496521,-0.394204199314
2017/07/11/15:56:20.327379,2997727,1499759784,275401620,,0.945229553223,-0.130773143145,0.0868747373329,0.671722450374,0.671409542334,0.0483144616124,0.309295795195,0.0976984631053,-0.409669555085,0.0998694730184,-0.515202122383,-0.139210889093,0.0642405147771,1.94432353973,-0.579064428806,-0.586600542068,0.301332592964,0.861801087856,-0.21235165
2017/07/11/15:56:20.337035,2997728,1499759784,285400371,,0.946403603659,-0.133653465271,0.0879314052704,0.670670778996,0.671651545643,0.0477052798067,0.311141629673,0.107866142962,-0.395320659944,0.113688571239,-0.40360760672,-0.20421241679,-0.0218157388901,1.86695313454,-0.459191054106,-1.00572669506,-0.154863655567,0.652010262012,-0.439402759075
2017/07/11/15:56:20.346952,2997729,1499759784,295401119,,0.947526752018,-0.138241750901,0.0896219074853,0.670238308427,0.670949961528,0.0470432891295,0.313677681689,0.102338839414,-0.36080266158,0.103981240155,-0.363908350694,-0.199377331672,-0.0157171781231,2.24625396729,-0.136690869927,-1.02464222908,-0.39718490839,0.696121454239,-0.646345615387
2017/07/11/15:56:20.357585,2997730,1499759784,305402530,,0.948045742776,-0.14045467674,0.0900312237874,0.670442321976,0.670488986574,0.0470441138619,0.314226770241,0.0966510592002,-0.347008200626,0.0971402798673,-0.324668093414,-0.205403135809,-0.0243955042471,3.49012184143,-0.270183503628,-1.0549993515,-0.385474354029,1.06884896755,-0.839988529682
2017/07/11/15:56:20.367014,2997731,1499759784,315401261,,0.949303611713,-0.143423549515,0.0907162032754,0.669435432442,0.670589666698,0.046698851251,0.316203918383,0.0929268149557,-0.322827376098,0.0893213709014,-0.260828624392,-0.203200027128,-0.0422876115628,3.72164106369,-0.45185816288,-0.924820303917,-0.182018756866,1.12209105492,-0.783758997917
2017/07/11/15:56:20.377162,2997732,1499759784,325397880,,0.949989788903,-0.14748533927,0.0916337931514,0.669179732441,0.669973361051,0.0460025868932,0.318147675098,0.083604556835,-0.337205012967,0.0879141616567,-0.29580249084,-0.186911999207,-0.0475312407357,3.02002239227,-0.181306108832,-1.03634977341,-0.203572571278,0.839678108692,-0.703712701797
2017/07/11/15:56:20.387016,2997733,1499759784,335398857,,0.950610964347,-0.149787919015,0.0923383274237,0.669111753817,0.669634577862,0.0458082101005,0.319030720971,0.0635559410178,-0.340916501002,0.0759173188007,-0.291457319442,-0.14882549865,-0.0580315448745,2.77798938751,-0.133197009563,-1.09378778934,-0.22525036335,0.748204350471,-0.681184947491
2017/07/11/15:56:20.396822,2997734,1499759784,345396947,,0.950571676475,-0.15263077762,0.0919439635643,0.668659784418,0.6698091113,0.0449510209813,0.319733096245,0.0610656984984,-0.341775935303,0.0904648809492,-0.26981275728,-0.178442742481,-0.0786517274904,3.41242027283,-0.786405444145,-0.963998615742,0.180222690105,0.98416018486,-0.513821482658
2017/07/11/15:56:20.407357,2997735,1499759784,355401539,,0.951586507502,-0.155998699928,0.0939517384577,0.668234254846,0.669279159002,0.0446744988769,0.321764785405,0.0698967507982,-0.313514342049,0.0946674412038,-0.311548901865,-0.154866823891,0.0059246182288,3.17252135277,-0.690424084663,-0.972120046616,0.202653288841,0.890386879444,-0.447357326746
2017/07/11/15:56:20.417007,2997736,1499759784,365402585,,0.951816652716,-0.15890937672,0.0944496999428,0.667962700642,0.669100065343,0.0441767796391,0.322768253163,0.0729912859606,-0.312956653481,0.10615411157,-0.28440913804,-0.183802435153,-0.00925096867825,3.44110751152,-0.746761023998,-0.928773403168,0.272960156202,0.956069409847,-0.446583777666
2017/07/11/15:56:20.426973,2997737,1499759784,375419246,,0.952821422931,-0.161764754358,0.0959703708713,0.667192156151,0.669047794511,0.0440203289577,0.324487112331,0.0441389882174,-0.323649136667,0.0869077839738,-0.296479006724,-0.128595039741,-0.0130414736077,2.73712897301,-0.195536464453,-0.937707781792,-0.0938538685441,0.711596429348,-0.617728888988
2017/07/11/15:56:20.436846,2997738,1499759784,385402184,,0.952645066294,-0.16509972871,0.0962103309815,0.667040398127,0.66876929313,0.0429696323836,0.325512442965,0.0374991031216,-0.305893706843,0.086962374984,-0.313747880575,-0.0899324886375,0.0240942624844,2.87300348282,-0.415618896484,-0.50916737318,0.0907725095749,0.887593388557,-0.568541109562
2017/07/11/15:56:20.446864,2997739,1499759784,395398518,,0.952625878019,-0.167277945608,0.0960417609986,0.666146526674,0.669443647409,0.0420320690789,0.326078691596,0.0364876204292,-0.305150227926,0.0766532801371,-0.289430343625,-0.111793223606,0.0149498533991,2.46537327766,-0.0461059808731,-0.405824929476,-0.0793780684471,0.803561329842,-0.650554895401
2017/07/11/15:56:20.457169,2997740,1499759784,405407232,,0.953943988035,-0.170695182512,0.0985664639385,0.665633887012,0.66863218353,0.0424563503735,0.328724793592,0.0467723691983,-0.266075364821,0.0638207842387,-0.277102073805,-0.102951404604,0.074396312795,2.56157493591,-0.125107988715,-0.203358829021,0.0210257768631,0.941548585892,-0.615709066391
2017/07/11/15:56:20.470168,2997741,1499759784,415401033,,0.954282932528,-0.172789421335,0.0989986669727,0.664605623643,0.669231904927,0.0416012508897,0.329692824268,0.0401996702623,-0.296260025966,0.106044076854,-0.306650889183,-0.130207689315,0.0549198682103,2.02258872986,0.30972635746,-0.0977716445923,-0.231111824512,0.810790777206,-0.743398666382
2017/07/11/15:56:20.476935,2997742,1499759784,425406938,,0.954290372515,-0.175778914325,0.0993004958509,0.66414248519,0.66926836096,0.0409418530809,0.330633309045,0.0404131165652,-0.257333163479,0.0833913016106,-0.298296769109,-0.0860219724191,0.0972477464379,1.86278891563,-0.174007385969,-0.0191695950925,0.0716447234154,0.841277718544,-0.471096456051
2017/07/11/15:56:20.486817,2997743,1499759784,435401058,,0.954629471174,-0.17738295195,0.100129010703,0.663379005332,0.669664827495,0.0406520353158,0.331398138385,0.048853284643,-0.24354604762,0.0799195097784,-0.28840046042,-0.0955143248861,0.124788104281,2.85734224319,-0.233760565519,-0.345048546791,-0.028132494539,1.09732234478,-0.684773921967
2017/07/11/15:56:20.497040,2997744,1499759784,445396005,,0.954327316432,-0.180803116475,0.100165682081,0.662639187345,0.669914116414,0.0395095339648,0.332510722758,0.0139454292525,-0.276442110173,0.0693123556289,-0.302285216528,-0.0545206869406,0.0801122276284,2.81363272667,-0.537255525589,-0.36603090167,0.0640517175198,1.08951294422,-0.623390614986
2017/07/11/15:56:20.508290,2997745,1499759784,455401165,,0.954441806673,-0.183368372714,0.101291770002,0.66161117352,0.670377741273,0.0385713134751,0.333731318362,-0.00446911345538,-0.269882326466,0.0449054576979,-0.289372002035,-0.00424442937465,0.0843993299526,2.85965800285,-0.781281232834,-0.24315713346,0.286906242371,1.16268730164,-0.423630475998
2017/07/11/15:56:20.516971,2997746,1499759784,465401045,,0.95402836516,-0.185469786349,0.100948478222,0.661304418295,0.670592994355,0.0381019375935,0.333960693223,-0.00863094571155,-0.261702498313,0.0528175564535,-0.269402208581,-0.00408695955337,0.063591700884,2.99161601067,-0.462194979191,-0.426153719425,-0.00418886728585,1.09769630432,-0.615956664085
2017/07/11/15:56:20.527123,2997747,1499759784,475399954,,0.954926611613,-0.187476102432,0.10260655624,0.660656382654,0.670481486625,0.0383821758549,0.335431854076,-0.0233526219284,-0.256538193381,0.0293041756017,-0.253615140118,0.035454225141,0.0631917373108,3.19877910614,-0.840400457382,-0.653483211994,0.0737765207887,1.06567621231,-0.49139341712
2017/07/11/15:56:20.536873,2997748,1499759784,485401796,,0.953992230479,-0.189195315771,0.102114198275,0.65987203135,0.671476290353,0.0365593525196,0.335189360629,-0.0328143740126,-0.256682488577,0.0391361467569,-0.256752658435,0.0513272778638,0.0372355314089,3.33432626724,-0.838014364243,-0.554992377758,0.0386189073324,1.05603718758,-0.514763593674
2017/07/11/15:56:20.546762,2997749,1499759784,495407064,,0.953979103778,-0.192002369149,0.102615401677,0.659942161837,0.670847632133,0.036684361748,0.336294595696,-0.01887952151,-0.203460384403,0.0296408494701,-0.203385457664,0.0395996518254,0.057891216303,3.44629001617,-0.946932077408,-0.437641859055,0.0933546721935,1.07974863052,-0.473847538233
2017/07/11/15:56:20.557415,2997750,1499759784,505403793,,0.952797675684,-0.19520504616,0.102369698908,0.659706755865,0.67099781787,0.0346777434349,0.336669539444,-0.0249296830499,-0.215370575496,0.0328039309435,-0.227871453985,0.0253696447114,0.0618859395368,3.02218866348,-0.758801102638,-0.32262969017,0.0872038528323,1.00737166405,-0.458236902952
2017/07/11/15:56:20.567035,2997751,1499759784,515402267,,0.953632702411,-0.195282268681,0.102452278289,0.659016742242,0.671439544082,0.0354211432419,0.337062627266,-0.0275526934049,-0.215129484184,0.00494282555949,-0.203471658596,0.0227504919524,0.0279771489916,3.13471245766,-0.660306215286,-0.247519880533,0.0393004380167,1.1178047657,-0.576113283634
2017/07/11/15:56:20.576854,2997752,1499759784,525409203,,0.952438008565,-0.198396879657,0.102234980334,0.658716399789,0.671540810942,0.0339758406642,0.337596336088,-0.0462514016062,-0.2257230741,-0.0143118216756,-0.155220962904,0.0116080815908,-0.00492051947016,2.81478738785,-0.590805470943,-0.0501810051501,0.121861368418,1.16639995575,-0.544705152512
2017/07/11/15:56:20.586893,2997753,1499759784,535401715,,0.952122351184,-0.200167697399,0.102499944722,0.658465998861,0.671565685429,0.0336279714701,0.338069841945,-0.0406962075412,-0.218212710166,0.00119272941596,-0.142837179066,-0.0244851787827,-0.0246108107307,2.30794048309,-0.363204419613,0.192427247763,0.142499238253,1.16671299934,-0.539404392242
2017/07/11/15:56:20.596972,2997754,1499759784,545402199,,0.952164413422,-0.202004403065,0.102590699878,0.658620066322,0.671035335654,0.0338206163402,0.338802822379,-0.0492201287193,-0.216154700491,0.00264037372608,-0.125634298402,-0.0209237779826,-0.0442856014695,2.04312372208,0.0792165398598,0.465227782726,-0.0393868461251,1.28447794914,-0.772425830364
2017/07/11/15:56:20.607239,2997755,1499759784,555396120,,0.952167527873,-0.202349629112,0.102231355139,0.658315969262,0.671369413058,0.0337660281103,0.338737436918,-0.0356046356207,-0.192277054235,-0.00432003001554,-0.101274038925,-0.0435074677358,-0.0386672339659,2.22315573692,0.147565200925,0.537591636181,-0.0206250473857,1.36702954769,-0.794112026691
2017/07/11/15:56:20.617008,2997756,1499759784,565403985,,0.950762129903,-0.205101750092,0.101558846871,0.658760540082,0.671009237673,0.0329235661699,0.338669739687,-0.0357712763793,-0.146927576323,-0.0172454655879,-0.0703726867908,-0.0100317915613,-0.00417176427457,1.94631099701,-0.0878476500511,0.49481138587,0.0787842646241,1.23912608624,-0.659167587757
2017/07/11/15:56:20.627343,2997757,1499759784,575401085,,0.950836082992,-0.206454943253,0.102113703277,0.65872220972,0.670672552287,0.0331277163848,0.33939053086,-0.0458521604186,-0.173646983986,-0.00178725775613,-0.0902945097648,-0.0152026351771,-0.0541760948995,1.79917001724,-0.115994974971,0.294630765915,-0.0175680052489,1.15036559105,-0.673505365849
2017/07/11/15:56:20.636750,2997758,1499759784,585403092,,0.950200562576,-0.207716922234,0.101295023219,0.658806650771,0.670695003812,0.0328510459453,0.339209105924,-0.0484827945509,-0.161740927703,-0.0204365771971,-0.0536135508593,-0.0217338807742,-0.0590103945067,2.17510771751,-0.140318542719,0.252543151379,-0.0756189599633,1.23763549328,-0.759643495083
2017/07/11/15:56:20.646930,2997759,1499759784,595396725,,0.94943372486,-0.210040024604,0.100873392996,0.659079709836,0.670175397587,0.0325009378133,0.339738960957,-0.0332278251059,-0.137831664228,-0.0204859318096,-0.0387319478177,-0.0569918727359,-0.0275869527152,2.50769424438,-0.650497913361,0.484392911196,0.300933122635,1.46205329895,-0.580239772797
2017/07/11/15:56:20.657289,2997760,1499759784,605400851,,0.949848451245,-0.210935829094,0.101242901366,0.658439103214,0.670288950483,0.0327895946197,0.340727915946,-0.0209109927999,-0.114152341513,-0.0296733605686,-0.0246825242541,-0.0745475657004,-0.0175444449469,2.24469542503,-0.332668542862,0.396348923445,0.0836341530085,1.33743238449,-0.697008192539
2017/07/11/15:56:20.667287,2997761,1499759784,615401361,,0.949928493469,-0.211802144855,0.101353971771,0.658753235689,0.669624535628,0.0337346659992,0.341334334729,-0.0136538585001,-0.118065842854,-0.0190184842124,-0.0392399041477,-0.109845426512,-0.0175360704395,2.47444200516,-0.167904943228,0.222971513867,-0.0294549204409,1.36857712269,-0.809177339077
2017/07/11/15:56:20.677147,2997762,1499759784,625405667,,0.949796010353,-0.212079620323,0.100344721368,0.658638043291,0.669709077031,0.0340030692415,0.341364133079,0.00665018982801,-0.0884840035697,-0.0225566590007,-0.0158096828555,-0.147877756446,0.0222343837072,2.55294466019,-0.284167647362,0.285434871912,0.0272487159818,1.35931015015,-0.772227883339
2017/07/11/15:56:20.687030,2997763,1499759784,635401606,,0.949707600599,-0.21411702474,0.101233416826,0.658835538759,0.668947595361,0.034301339725,0.342444543863,-0.0150244868016,-0.122257411072,-0.0201274165488,0.00152942377307,-0.159735766275,-0.0426392648727,2.889346838,-0.546886086464,0.289634883404,0.0692255198956,1.38905501366,-0.798339486122
2017/07/11/15:56:20.696823,2997764,1499759784,645396348,,0.949682989328,-0.214682567498,0.100207085242,0.658862777352,0.668780304945,0.0348883854358,0.342659517451,-0.00298995771086,-0.1118159247,-0.0149122616835,-0.0330446580542,-0.166556021475,-0.0113896508446,3.13510584831,-0.693310558796,0.131878882647,0.0189095120877,1.29688298702,-0.79881054163
2017/07/11/15:56:20.707547,2997765,1499759784,655405818,,0.950283127291,-0.214835594058,0.100227696478,0.658869947215,0.668373809317,0.0361573783178,0.34330669622,0.011942692844,-0.0703825515542,-0.0395961479174,-0.0120421806204,-0.160519243128,0.0220926121677,4.16551303864,-1.38926935196,0.129652515054,0.311994731426,1.52106130123,-0.682046234608
2017/07/11/15:56:20.717243,2997766,1499759784,665403062,,0.950561961845,-0.216203430504,0.10039088502,0.658459674866,0.668157408965,0.0367655710126,0.344448582822,0.00747908374309,-0.0989246012903,-0.0304003455924,-0.0150398339474,-0.189836312735,0.000652571850032,4.23827362061,-1.31520247459,-0.0848208740354,0.166556581855,1.43963444233,-0.774599671364
2017/07/11/15:56:20.727039,2997767,1499759784,675401276,,0.950541965382,-0.216591582578,0.099602593613,0.658347883042,0.66815038649,0.0370819701152,0.344641920578,0.0220747748963,-0.090649002677,-0.0137619635673,0.012726893672,-0.233857633141,-0.0135733319852,4.25555610657,-1.3812930584,0.00215508788824,0.184699162841,1.43257856369,-0.75526958704
2017/07/11/15:56:20.736919,2997768,1499759784,685410873,,0.951152039567,-0.217342595933,0.10024219522,0.658468883298,0.667412358003,0.038299565304,0.345705969591,0.0143678471048,-0.0866141881183,-0.0297833568919,0.0168258535388,-0.209926657052,-0.00521827123727,4.90719223022,-1.3658002615,-0.0865334570408,0.118098862469,1.64809238911,-0.939356207848
2017/07/11/15:56:20.746690,2997769,1499759784,695401183,,0.950700575824,-0.21812054678,0.0991748448131,0.658608138385,0.667267683166,0.0384500085622,0.345703277244,0.0106736754454,-0.0791988814551,-0.036353188775,-9.36186203641e-05,-0.17053191439,0.00566688771946,4.58935165405,-1.57306432724,0.242080956697,0.408004164696,1.69996619225,-0.733428418636
2017/07/11/15:56:20.757266,2997770,1499759784,705396507,,0.950508979005,-0.218974347083,0.0984800809464,0.658823716455,0.666933449285,0.038881493151,0.345889164836,-0.000134737998561,-0.0954461484468,-0.0330446697028,0.00348903556315,-0.162192446571,-0.0255500579086,4.55591630936,-1.2886698246,0.0727284997702,0.162748247385,1.67315232754,-0.911860704422
2017/07/11/15:56:20.767244,2997771,1499759784,715399924,,0.951655136874,-0.218687039951,0.0990496338839,0.658185039761,0.666958474172,0.0397879859717,0.34695210525,0.0238868714981,-0.0439506719813,-0.0420394115643,0.0314813463703,-0.167546026646,0.0232124747855,4.23204088211,-1.39338779449,0.290240436792,0.429724305868,1.64860033989,-0.647434175014
2017/07/11/15:56:20.777210,2997772,1499759784,725405976,,0.951024462,-0.220767236749,0.0985389991021,0.658467059629,0.666352503811,0.0396405028737,0.3475976159,0.024828026775,-0.0381559028095,-0.0339280977732,0.0170496425895,-0.148967507706,0.0191030633838,4.29346847534,-1.20416676998,0.165020734072,0.239452272654,1.65404629707,-0.81862282753
2017/07/11/15:56:20.787098,2997773,1499759784,735401291,,0.95021418581,-0.221632862736,0.0970967948524,0.658721677961,0.66632858208,0.0393727689001,0.347191239457,-0.00455180097154,-0.0804120890007,-0.0508077449127,0.0144496651201,-0.121424061802,-0.0291090989513,3.91818857193,-1.23480963707,-0.0618193000555,0.166120827198,1.47937357426,-0.808811187744
2017/07/11/15:56:20.797038,2997774,1499759784,745397463,,0.951121297694,-0.221361201429,0.0975355061245,0.658819053749,0.665869475995,0.0407199070368,0.347731483369,0.00456550838623,-0.0596716531197,-0.0396648432903,0.0215454840198,-0.123105189694,-0.0108858864493,3.45855951309,-1.0890904665,-0.109377644956,0.199323177338,1.32401752472,-0.663931548595
2017/07/11/15:56:20.807477,2997775,1499759784,755404468,,0.952086720911,-0.221029367067,0.0973767761994,0.65842538221,0.665813760623,0.0417516611577,0.348460687907,0.00521532420683,-0.0685668585439,-0.0398895483039,0.0135338095809,-0.127492357017,-0.0197122290405,3.38744997978,-0.95050483942,-0.159162431955,0.195309132338,1.31866014004,-0.648481309414
2017/07/11/15:56:20.817054,2997776,1499759784,765401119,,0.951755741668,-0.221490061703,0.096168410049,0.658484982564,0.665842207371,0.0417240973954,0.348296974316,0.0180933125932,-0.0277426138806,-0.0555547183236,0.0199532675956,-0.106950829802,0.0273741314213,2.6682498455,-0.519666314125,-0.103968285024,0.0453627035022,1.1263769865,-0.677496194839
2017/07/11/15:56:20.826943,2997777,1499759784,775401520,,0.951279912173,-0.222774612258,0.0959767810358,0.658571932566,0.665570286627,0.0416080533361,0.348665990731,0.00444409630747,-0.0584831322143,-0.041662257935,-0.0127323801215,-0.0992196666336,0.0132703682558,2.96068477631,-0.876583695412,-0.0801625400782,0.209032520652,1.24016225338,-0.623774647713
2017/07/11/15:56:20.837107,2997778,1499759784,785396963,,0.95161011404,-0.222900317179,0.0953822671443,0.658509892732,0.665396323399,0.0426012553432,0.348995110315,-0.0138064764747,-0.0885111241934,-0.0395953700921,-0.0144531724434,-0.0928263752858,-0.0268723880505,2.26161551476,-0.309681296349,0.00823608785868,-0.0571592152119,1.04090619087,-0.752638339996
2017/07/11/15:56:20.847127,2997779,1499759784,795403080,,0.951313893809,-0.223590935466,0.0945964369613,0.658656323045,0.665219789726,0.042665400247,0.349047479711,0.0119193348667,-0.0475591395691,-0.040569631596,-0.00459391426636,-0.107534659227,0.0170594078708,2.321403265,-0.48619940877,0.119256928563,0.169824302197,1.0787191391,-0.593610227108
2017/07/11/15:56:20.857398,2997780,1499759784,805401307,,0.951799264356,-0.223619016236,0.0949477910554,0.658289217199,0.665243586133,0.0430203336106,0.349650580616,-0.0115110698471,-0.0423697794925,-0.0698822585718,0.0584769870984,-0.079681285308,-0.0206079743847,2.90294480324,-0.760511636734,-0.076180845499,0.194014102221,1.17333054543,-0.607960224152
2017/07/11/15:56:20.867140,2997781,1499759784,815398788,,0.951299907507,-0.224472745551,0.0936014183377,0.658776770228,0.664853824071,0.0430697603739,0.349467531206,-0.00200802077476,-0.0252246155178,-0.0637760670271,0.0438145343425,-0.0609897840392,-0.000669064872531,2.14348602295,-0.257514059544,0.0811271816492,-0.0470021180809,0.956820249557,-0.683018028736
2017/07/11/15:56:20.877271,2997782,1499759784,825397673,,0.951345949875,-0.225203765086,0.0936878749104,0.658802970265,0.664647768751,0.0431085515764,0.349805149541,-0.00357499708666,-0.0543797278924,-0.0381669790845,-0.0124087065358,-0.0685444492692,-0.00570675870581,2.03250813484,-0.0928804427385,0.140626117587,-0.136058270931,0.928832948208,-0.750318467617
2017/07/11/15:56:20.886791,2997783,1499759784,835395935,,0.950616572744,-0.225645759228,0.0924452057487,0.659035100576,0.664623457214,0.0430950621912,0.349415529054,-0.0016223158667,-0.0242119803889,-0.0550685976473,0.0492361620837,-0.0656503457541,-0.00899945191923,2.22980523109,-0.349708288908,0.235740303993,-0.0195366162807,0.989536583424,-0.678257286549
2017/07/11/15:56:20.897568,2997784,1499759784,845395904,,0.951407725181,-0.225070315915,0.0922824873393,0.658534102299,0.66485642289,0.0436824908814,0.349843698016,-0.00460425187123,-0.0236383099966,-0.052827183568,0.049825791468,-0.0541799402838,-0.00831451656566,2.28195142746,-0.194796711206,0.247408300638,-0.028429294005,1.00217950344,-0.678623080254
2017/07/11/15:56:20.907107,2997785,1499759784,855400959,,0.950684422337,-0.225830880723,0.0911804174615,0.65868930102,0.664891355927,0.0433882429248,0.349521601494,-0.0150327989925,-0.036200644485,-0.0641262005331,0.0461735519577,-0.0339807570662,-0.0313361524429,2.23041033745,-0.598798155785,0.207506105304,0.101516261697,0.962622761726,-0.566672086716
2017/07/11/15:56:20.917257,2997786,1499759784,865398889,,0.950568938197,-0.226076266358,0.0905625017312,0.659294588487,0.664411103093,0.0439285171887,0.349226025743,-0.0239595099351,-0.0433000353303,-0.0645706010326,0.0278503148531,-0.00496041669208,-0.0316543107367,2.31282567978,-0.466058254242,0.190124198794,0.0663867220283,1.03622364998,-0.628202676773
2017/07/11/15:56:20.927196,2997787,1499759784,875400754,,0.950330214214,-0.226042898292,0.0900464380388,0.65926397142,0.66456764251,0.0436659771341,0.349018834675,-0.0354554988341,-0.0418761672238,-0.0713972765237,0.0628254417006,0.00704562223096,-0.0662852974477,2.869795084,-0.625706255436,0.066769272089,0.138132974505,1.21242618561,-0.665106058121
2017/07/11/15:56:20.937032,2997788,1499759784,885400763,,0.949683577706,-0.226807536764,0.0892738993841,0.659682762889,0.664308050956,0.0437797122611,0.348707330833,-0.0211619973184,-0.0271272682432,-0.0591969612554,0.0403443529967,0.0017045623977,-0.0324681088841,2.74993753433,-0.677342176437,0.210619181395,0.202221408486,1.26926577091,-0.623082280159
2017/07/11/15:56:20.947021,2997789,1499759784,895400172,,0.949834166295,-0.227433247256,0.0890331955788,0.659789769685,0.663975419306,0.0438632864403,0.34912764783,-0.0390325567666,-0.0486194162262,-0.0712071879229,0.0237015354896,0.0307672207057,-0.0422594486046,2.10860157013,-0.293568134308,0.106946833432,0.0286568440497,1.04131555557,-0.65618956089
2017/07/11/15:56:20.957315,2997790,1499759784,905399980,,0.950131556844,-0.227775732058,0.0895081234425,0.659558222771,0.663906880917,0.044010376543,0.349676551979,-0.0287094637406,-0.0098046786374,-0.0817380094599,0.0357830357281,0.0557499033193,-0.0104673757759,2.53110575676,-0.522722482681,0.1195057109,0.178434565663,1.19258081913,-0.585853874683
2017/07/11/15:56:20.966923,2997791,1499759784,915431384,,0.948965968446,-0.228226612488,0.0879773166663,0.660380846737,0.663623643314,0.0437643673243,0.348691091729,-0.0259483054306,-0.0278362267785,-0.0584190567113,0.0216812999774,0.0250980834229,-0.0321790534758,1.91114115715,-0.0721454322338,0.0342201776803,-0.0917379409075,0.974664032459,-0.706684648991
2017/07/11/15:56:20.977116,2997792,1499759784,925401064,,0.948884490297,-0.228078305316,0.0872154037693,0.660497043873,0.663683824809,0.0438858848696,0.348341018013,-0.0418515960634,-0.0640504748881,-0.0566743347739,0.02394342137,0.0135920764653,-0.0640817490251,2.10030555725,-0.346810162067,0.128906324506,0.113751113415,1.06720197201,-0.601259350777
2017/07/11/15:56:20.986961,2997793,1499759784,935403052,,0.9485675817,-0.228876730773,0.0870630058886,0.66074826309,0.663380446406,0.0437041598169,0.348465296069,-0.0141838690159,-0.0331264890905,-0.0403941115243,0.0118233690797,-0.00828082149145,-0.0210540215721,2.42307901382,-0.590832769871,0.0343454182148,0.183507993817,1.12952530384,-0.56706058979
2017/07/11/15:56:20.996789,2997794,1499759784,945397919,,0.948768842641,-0.228206773797,0.086134505579,0.660645001368,0.663608473421,0.0442903341497,0.348152757382,-0.012936513886,0.00355027807522,-0.0691891574474,0.0217002933213,0.0368176380265,0.0156035662626,2.76498365402,-0.839931249619,-0.0879884883761,0.265816420317,1.20152270794,-0.540451407433
2017/07/11/15:56:21.007384,2997795,1499759784,955400709,,0.948271424106,-0.228293412708,0.0851991787437,0.660862813904,0.663670030363,0.0441177475324,0.347643576597,-0.0331997222505,-0.0249635805731,-0.0616951173397,0.0477654739156,0.0282883939693,-0.0348351658526,2.53877353668,-0.667760908604,-0.0318748056889,0.221532687545,1.14008307457,-0.524117529392
2017/07/11/15:56:21.016999,2997796,1499759784,965400865,,0.947445297964,-0.229768971414,0.0849340353,0.660823774332,0.663650317219,0.0430130419225,0.347893768206,-0.0292052333557,-0.043660962702,-0.0381160353623,0.0181217250971,0.00769244603304,-0.0381710522195,2.28177642822,-0.507232367992,0.316028147936,0.272486209869,1.18968641758,-0.510230064392
2017/07/11/15:56:21.026915,2997797,1499759784,975402066,,0.947657758519,-0.229497015613,0.0849965112662,0.660998242801,0.663497821953,0.0433755880357,0.347808167874,-0.0238924099504,-0.0281608054999,-0.0500877051502,0.010568233328,0.0222382525408,-0.011204859945,2.29014611244,-0.8415158391,0.238129898906,0.318428844213,1.16624164581,-0.477835804224
2017/07/11/15:56:21.036877,2997798,1499759784,985400689,,0.947305175983,-0.230054559234,0.0841178846924,0.660770727513,0.663733433281,0.0433189238561,0.347797996029,-0.00784029137753,-0.0147106479733,-0.0370489453007,0.0327014766974,-0.00911491646319,-0.0133883362345,2.12502741814,-0.298737943172,0.348500698805,0.125955253839,1.14140844345,-0.630964577198
2017/07/11/15:56:21.046914,2997799,1499759784,995401138,,0.947295339335,-0.230057059017,0.0841973781594,0.661502092703,0.663083297329,0.0438731279857,0.34757829448,-0.0103062899809,-0.0172625112719,-0.0361530977259,0.0256210627818,-0.00449285475865,-0.0120530690864,2.43833136559,-0.61640816927,0.139479696751,0.21251796186,1.16079521179,-0.531761169434
2017/07/11/15:56:21.057263,2997800,1499759785,5396885,,0.946915619946,-0.230008127432,0.0828092319673,0.66117595096,0.663671763596,0.0432985260263,0.34714750427,-0.0269058013228,-0.0358257170481,-0.0419574362544,0.0388428364246,0.00620303505505,-0.0492361381348,2.70957064629,-0.680116653442,0.0539035834372,0.203192025423,1.20154237747,-0.580320000648
2017/07/11/15:56:21.067243,2997801,1499759785,15401119,,0.946593836783,-0.230786260094,0.0829264014078,0.661804635942,0.663003806199,0.0437194608997,0.347173134833,-0.0311534546557,-0.0283609169951,-0.049125231019,0.00749912332926,0.0369528282717,-0.0202294864609,2.33560729027,-0.66395252943,0.0285788998008,0.201342523098,1.0537801981,-0.49863871932
2017/07/11/15:56:21.077119,2997802,1499759785,25401384,,0.946892793326,-0.230801982051,0.0829442074026,0.661636752319,0.662988487222,0.043788597674,0.347513499745,-0.0165398204364,-0.00386377008543,-0.0567477291359,0.0213890139238,0.0250485745953,0.00229488696239,3.14214706421,-0.845592081547,-0.169794723392,0.164368614554,1.27269160748,-0.656220138073
2017/07/11/15:56:21.087072,2997803,1499759785,35400217,,0.946926773785,-0.230316618688,0.0821251373586,0.661257777939,0.663480892702,0.0440498325665,0.347261959312,8.12658518094e-05,0.0123432227475,-0.04981735322,0.0369207959021,0.00282187473745,0.0136313795905,3.07513403893,-1.05725872517,-0.00231277942657,0.37586453557,1.31741499901,-0.504975616932
2017/07/11/15:56:21.096752,2997804,1499759785,45396274,,0.946541058349,-0.231286090807,0.0821157935976,0.662116358568,0.662624726543,0.0443469539069,0.347222907036,-0.0210683175832,-0.0510202920198,-0.0252761512234,0.0243249322766,-0.0317749399067,-0.0533457706731,2.78991889954,-1.16736793518,0.174868047237,0.515054583549,1.30405116081,-0.381162434816
2017/07/11/15:56:21.107547,2997805,1499759785,55400995,,0.946617496906,-0.230981646743,0.081665323382,0.661924505962,0.662840304993,0.0443947902447,0.347171112108,-0.0136803772553,-0.0303946161696,-0.0347334983219,0.0274628788301,-0.0244116487226,-0.0357378507539,2.60305786133,-0.559477090836,6.00796774961e-05,0.101811990142,1.2188668251,-0.678918600082
2017/07/11/15:56:21.117116,2997806,1499759785,65396508,,0.946672556696,-0.231503677347,0.0817477143107,0.661887141669,0.662670310699,0.0443909263869,0.347567139795,-0.00804064004519,-0.0176373814137,-0.0360262144018,0.0255626645929,-0.0181735247535,-0.0191313139471,1.85240578651,-0.268950909376,0.268320828676,0.116831801832,1.06132876873,-0.582214474678
2017/07/11/15:56:21.127016,2997807,1499759785,75399569,,0.946393348746,-0.232342652551,0.081769716989,0.661862628543,0.662516892863,0.0442658799097,0.347922059498,-0.00634270539106,-0.0400153609854,-0.00582467470101,-0.0440352598073,-0.026773268868,0.00571220112798,1.79251158237,-0.230290725827,0.461848199368,0.0682089775801,1.08138525486,-0.634843349457
2017/07/11/15:56:21.136866,2997808,1499759785,85401537,,0.947169410338,-0.229889956545,0.0806642161872,0.661517205454,0.663245885577,0.0451913544286,0.347070055809,0.0154425129787,0.0059165177995,-0.013569746036,0.00497159617781,-0.0448639673807,0.0312551883637,2.25446510315,-0.391100883484,0.507439374924,0.192606925964,1.21265888214,-0.577914535999
2017/07/11/15:56:21.146903,2997809,1499759785,95395455,,0.94673350833,-0.231010542264,0.0804334179498,0.661390525147,0.663257180173,0.0446439366595,0.347360626892,0.00655464329104,0.0111669715273,-0.0369125073393,0.0390293823833,-0.03017631733,0.0153172916814,2.29058432579,-0.713731825352,0.476999789476,0.367733895779,1.197676301,-0.445077449083
2017/07/11/15:56:21.157447,2997810,1499759785,105400994,,0.946437494981,-0.23236041071,0.0807368828716,0.66171344154,0.66265481164,0.0446064364198,0.347899680548,-0.00444575768778,-0.0188330010427,-0.0315535861921,0.01891146713,-0.0274233642834,0.00131537880465,2.84177565575,-1.26114571095,0.388995289803,0.634463071823,1.3301513195,-0.280659735203
2017/07/11/15:56:21.167058,2997811,1499759785,115400484,,0.946754483639,-0.232084954011,0.0804311621082,0.661777282316,0.662539243575,0.0450763002184,0.347937791125,0.0022077210493,-0.0273968296702,-0.017074680907,-0.012653641278,-0.0449369815617,0.00686928157518,2.66803908348,-1.00820112228,0.553689479828,0.598098993301,1.26330327988,-0.28708165884
2017/07/11/15:56:21.176998,2997812,1499759785,125401274,,0.946446164171,-0.231977725216,0.0799098350858,0.661958054159,0.66253016148,0.0454358906324,0.347564237955,-0.00430061185211,-0.0273695823857,-0.0181702608591,0.00891218549289,-0.0458632328991,-0.00465532807773,3.14242196083,-1.39308130741,0.685810148716,0.815231502056,1.44981217384,-0.203425675631
2017/07/11/15:56:21.187555,2997813,1499759785,135402125,,0.946665099384,-0.232682971881,0.0799464794518,0.661620112842,0.662501564832,0.0453081393433,0.348278158067,0.00878176352882,-0.00790904788005,-0.0241493266818,0.00867156331605,-0.0472786050039,0.0118435441016,2.85570192337,-0.907982289791,0.851072251797,0.597152411938,1.43919217587,-0.381149321795
2017/07/11/15:56:21.197305,2997814,1499759785,145397311,,0.946849365772,-0.232919271841,0.0804071952917,0.661773530738,0.662151900571,0.0457659873738,0.348591636424,0.0114210738509,-0.00841718133932,-0.0135862470565,0.0142491024895,-0.060005479444,0.0139695547922,2.63071846962,-1.05522167683,1.29400420189,0.854909539223,1.49230659008,-0.175921365619
2017/07/11/15:56:21.209608,2997815,1499759785,155402279,,0.947265612111,-0.232421500449,0.0805533114037,0.6616653745,0.662189043203,0.0462586375929,0.348661356762,0.000878214762374,-0.036179491971,-0.00133816101061,0.0124387758961,-0.0773469422084,-0.029435095774,1.79278409481,-0.557254433632,1.44516444206,0.667992711067,1.28100812435,-0.216511189938
2017/07/11/15:56:21.217076,2997816,1499759785,165401230,,0.947580021851,-0.232171285315,0.0801283186928,0.661340338437,0.662417276731,0.0466680980678,0.34878990362,0.0327369385575,0.0183841397627,3.15928875885e-06,0.018149914761,-0.0895514960846,0.0441787112968,2.08443212509,-0.777903258801,1.37665331364,0.765680372715,1.32459771633,-0.186328068376
2017/07/11/15:56:21.227131,2997817,1499759785,175400870,,0.947816346795,-0.231660089713,0.0793643711564,0.66104194362,0.662736393544,0.0466962129099,0.348745587997,0.032644110019,0.0167082713907,-0.00328582387475,-0.0231789879424,-0.0594983666613,0.0561611352576,2.43945598602,-0.863519072533,0.962952136993,0.658446609974,1.31203973293,-0.262096554041
2017/07/11/15:56:21.236779,2997818,1499759785,185400753,,0.947954908529,-0.231987130339,0.0800259374773,0.66107253133,0.662447543864,0.0469603184791,0.349200642094,0.020507653792,-0.000212719652104,-0.0108560778923,-0.0156189261581,-0.0547351610116,0.0448023908797,3.73018622398,-1.95914506912,0.448454290628,1.06622385979,1.58502554893,-0.0628693178296
2017/07/11/15:56:21.246854,2997819,1499759785,195399504,,0.948574579039,-0.232128558539,0.0806773709091,0.660973057676,0.662157734076,0.0475261042036,0.349861432069,0.0163747224397,-0.00184224916612,-0.00842690595844,0.0201088289182,-0.0719026725081,0.0128480012324,3.87803602219,-1.93234705925,0.357008874416,1.02736091614,1.65267455578,-0.14209137857
2017/07/11/15:56:21.257313,2997820,1499759785,205410915,,0.947974162125,-0.23284258387,0.0799004039113,0.660978860297,0.662243592934,0.0471511304812,0.349738674946,0.022856082641,-0.0186308837534,0.0239126323606,-0.034870920879,-0.0832455113843,0.0220778960495,3.39988040924,-1.6561280489,0.404363363981,0.879702329636,1.49158537388,-0.190509557724
2017/07/11/15:56:21.267073,2997821,1499759785,215401457,,0.947991957532,-0.233334920851,0.0802513290434,0.660755175216,0.662220728275,0.0471829976494,0.350200043119,0.0161173613098,-0.0312730031069,0.0156832764032,-0.00602319045081,-0.101164257136,-0.00998748759652,3.30975842476,-1.67100930214,0.485902935266,0.982948124409,1.48057126999,-0.0964675620198
2017/07/11/15:56:21.276951,2997822,1499759785,225398120,,0.948327936104,-0.233128929206,0.080179943892,0.66076572433,0.66210937282,0.0475632091298,0.350339231476,0.027856520067,0.00976584425839,1.38941534074e-06,-0.0258402981427,-0.0651504302662,0.0656428272459,2.57078552246,-1.0772434473,0.499020814896,0.678237378597,1.2613786459,-0.215991646051
2017/07/11/15:56:21.286921,2997823,1499759785,235400429,,0.949091574334,-0.232454117887,0.0807228882602,0.660380729439,0.662205355058,0.0482902652336,0.350783993651,0.0246237523515,-0.00990447984009,0.0145113193608,-0.0194395124057,-0.0884678439055,0.0299284830048,3.01707363129,-1.16778707504,0.50687879324,0.684104502201,1.4106566906,-0.299672722816
2017/07/11/15:56:21.296986,2997824,1499759785,245395625,,0.948481346476,-0.233260255212,0.080182685214,0.660669187371,0.661993169162,0.0481374066091,0.350662314666,0.0280076285035,0.0059785524409,0.0101813815278,0.000851180975623,-0.0874698986285,0.0340223280749,2.84990811348,-1.17705750465,0.713039159775,0.817111551762,1.43154108524,-0.201932683587
2017/07/11/15:56:21.307239,2997825,1499759785,255401368,,0.948832856319,-0.233434758816,0.080594616019,0.66068505992,0.661700572953,0.0484255993353,0.351144649227,0.0172125962451,-0.0222167559463,0.0191701247,-0.0352022384734,-0.0709597613498,0.0166845866707,2.587215662,-1.25709605217,0.509884476662,0.77805274725,1.24245226383,-0.152142807841
2017/07/11/15:56:21.317210,2997826,1499759785,265401073,,0.94903468512,-0.23309018239,0.0803449025987,0.660562130193,0.661812642267,0.0485230332707,0.351151269302,0.0146492879045,-0.009129098193,0.009906361581,-0.024465342942,-0.0545404216216,0.0285049177022,2.62807011604,-1.10791969299,0.759284615517,0.798671245575,1.316609025,-0.151214748621
2017/07/11/15:56:21.326913,2997827,1499759785,275401347,,0.949333603937,-0.23345310354,0.0810294574853,0.660458634028,0.661624676231,0.0488832168103,0.351649842391,0.0155732232663,0.0131782344404,-0.000386221527425,-0.0047886161017,-0.0321809496023,0.0349274976632,3.08976149559,-1.46024274826,0.619983613491,0.934545695782,1.41370356083,-0.12121501565
2017/07/11/15:56:21.337016,2997828,1499759785,285402185,,0.949773129398,-0.232736137567,0.0808527522439,0.660016327552,0.662068872835,0.048838403216,0.3516504875,0.0126466057162,-0.0132840322609,0.00939292843029,-0.0240762737962,-0.0444607620247,0.0124369913281,2.60719180107,-1.18264341354,0.547952532768,0.800673186779,1.23661231995,-0.135041698813
2017/07/11/15:56:21.346900,2997829,1499759785,295400850,,0.949500222414,-0.233412709997,0.080857298412,0.66005960282,0.661902051086,0.0487212926067,0.351899461693,0.0206418376496,-0.00103153218554,0.0214335418426,-0.0173027607391,-0.0560748794448,0.0243654146121,2.54357123375,-1.16316604614,0.637111902237,0.790448904037,1.23826158047,-0.155012980103
2017/07/11/15:56:21.357331,2997830,1499759785,305401919,,0.95019461942,-0.232777510097,0.081503043942,0.659843079853,0.66193739612,0.0492317987769,0.352167891178,-0.00449828765328,-0.00931287758297,0.000149569777678,0.00290049419688,-0.0133731417346,-0.00726142961004,2.5693128109,-1.14852643013,0.717338263988,0.86980843544,1.28259575367,-0.103771999478
2017/07/11/15:56:21.367346,2997831,1499759785,315400640,,0.949837316911,-0.233215594789,0.0816213855745,0.659913370899,0.661886601423,0.0488528089362,0.352184430129,0.00962118980976,-0.0034705685315,0.0113323221409,-0.0112506934309,-0.0303985458177,0.00975634756864,2.64268922806,-1.29614377022,0.441012710333,0.765287578106,1.2556334734,-0.188785821199
2017/07/11/15:56:21.376985,2997832,1499759785,325398251,,0.949866122367,-0.232881260286,0.0811513736852,0.660116124462,0.661796914249,0.0494513917232,0.351889338246,0.00670845743339,0.0136986391519,0.00236864165725,0.000733404274748,-0.00130922889396,0.0159687318916,3.08340787888,-1.78127837181,0.590815365314,1.06820654869,1.41267251968,-0.0143080782145
2017/07/11/15:56:21.386732,2997833,1499759785,335446392,,0.949866364122,-0.232848290161,0.0814350471579,0.659767766499,0.662125634955,0.0489326369706,0.351996782463,0.00502560438978,-0.00364616342712,0.0174135009508,-0.00846884679236,-0.0189701536227,-0.00102204557388,2.94757413864,-1.4911775589,0.642604887486,1.01295101643,1.40275287628,-0.0445968396962
2017/07/11/15:56:21.396788,2997834,1499759785,345395327,,0.950245655843,-0.231913327637,0.0812411109666,0.6601175971,0.661873283873,0.0497788191907,0.351696720561,-0.00485159471053,-0.0180123423078,0.0160025119373,-0.0218794118534,-0.000779963793566,-0.00859083722512,3.27596759796,-1.51094698906,0.416446506977,0.874500274658,1.4053850174,-0.173351570964
2017/07/11/15:56:21.407345,2997835,1499759785,355409941,,0.949860258973,-0.232785250169,0.0813263046595,0.659345796522,0.662529628785,0.0487529850795,0.352052209248,-0.00761280513486,0.00231052088495,-0.0120676884493,0.00170927089371,0.030061122932,0.00467012692393,3.34579205513,-1.69549298286,0.343434602022,0.94361448288,1.39451766014,-0.097152069211
2017/07/11/15:56:21.417212,2997836,1499759785,365395630,,0.949430973307,-0.233520040028,0.0813892226514,0.660538789147,0.661448485918,0.0489818997616,0.351816972309,-0.00013578169507,-0.00731924818788,0.00189099197504,-0.00179294070592,-0.00718036815592,-0.00705730964878,3.27043747902,-1.76107120514,0.3733291924,1.00862336159,1.36494779587,-0.027482341975
2017/07/11/15:56:21.427456,2997837,1499759785,375401506,,0.949691502496,-0.233458962996,0.0815878833451,0.659933889851,0.661862994896,0.0486663103803,0.352216165511,-0.00343316077378,0.00535391700853,-0.0109585795528,0.0182592698871,0.0107646505325,-0.00840649795122,3.06481075287,-1.52035152912,0.258260756731,0.801700592041,1.26821827888,-0.163368523121
2017/07/11/15:56:21.437122,2997838,1499759785,385400946,,0.949989573432,-0.233101602134,0.0815446163391,0.659834836248,0.66194595028,0.0489216327625,0.352210479158,0.00281422069179,0.00693439579315,0.00348168116317,0.0130454389175,-0.00827963230287,-0.000824058873049,3.04333996773,-1.58243906498,0.547743976116,0.976452052593,1.35285353661,-0.0425429455936
2017/07/11/15:56:21.446953,2997839,1499759785,395400525,,0.949678252293,-0.233564192878,0.0813334108001,0.659925473103,0.661862827482,0.0489243575884,0.35219650024,-0.00208399532914,0.000847120929832,-0.00351613068727,-0.0141559771684,0.0111770101921,0.0104818653836,2.95518231392,-1.41919565201,0.374052673578,0.766919374466,1.28613376617,-0.17242822051
2017/07/11/15:56:21.457286,2997840,1499759785,405401120,,0.949467927466,-0.233428024653,0.0810267127053,0.660165871775,0.661763311971,0.0487226816057,0.351960851474,0.00942982020149,0.0186129722025,-0.00144029028588,-0.00393649747477,0.000928415111621,0.0182455044256,2.86411261559,-1.50450062752,0.512622237206,0.898262560368,1.29026901722,-0.0987590998411
2017/07/11/15:56:21.467220,2997841,1499759785,415401201,,0.950655840719,-0.231973120164,0.0818623234703,0.659305715238,0.662382753754,0.0494026690528,0.352312982552,0.00236785586984,-0.00951320127815,0.00607596316079,-0.016572019765,-0.00833897685854,0.00161558903028,4.0860490799,-2.01054525375,0.426681160927,1.08867514133,1.67188382149,-0.139013618231
2017/07/11/15:56:21.476971,2997842,1499759785,425400734,,0.950227093103,-0.232497856243,0.08130594233,0.660110684603,0.661736308273,0.0496313833309,0.351988164822,0.00354937333897,0.00710689366983,-0.00329043797116,-0.00810445452367,0.00496459574169,0.0259583432535,2.7832763195,-1.30840933323,0.540004134178,0.766372799873,1.30650472641,-0.212128698826
